feature,label_text,higher,lower,tied,mean_diff,p,diff_2022,diff_2023,diff_2024,diff_2025,diff_2026,p_holm
coef_log,Pre-season UEFA club coefficient (points),13,2,0,0.5720803744794936,0.00738525390625,0.35271546651283536,1.206982312753303,0.5575366913122431,0.19780081532086013,0.28403168935050693,0.11077880859375
points_pg,Points per game,7,7,1,-0.012456685523604157,1.0,-0.6189041880735358,0.8469766301207796,1.5146202877115211,-1.0889110872340264,-1.9871919940170213,1.0
goal_diff_pg,Goal difference per game,9,4,2,0.21925675155354724,0.266845703125,0.0,1.0206863588227368,1.0079052613579393,-0.5181664018901001,-1.0578072862278003,1.0
shots_pg,Shots per game,11,2,2,0.7909826861966134,0.0224609375,0.0,1.5391183344635353,2.5084254980805336,1.3481146340116426,0.8964527233357835,0.2919921875
shot_accuracy,Shot accuracy (% on target),6,9,0,-0.2780943458585012,0.6072387695312499,-0.42134139867571807,-0.871646414988135,0.010123398067353101,1.031229742071911,-0.7292064410873085,1.0
conversion,Shot conversion (% of shots scored),7,8,0,0.22720221804351418,1.0,-0.576000038117934,-0.09197200966580371,1.2064842152339978,-0.12455091807110674,-0.9066776529965995,1.0
attacks_pg,Attacks per game,11,4,0,0.9045227618649945,0.11846923828124999,0.6697422562320394,2.431133230238341,2.1119879953943106,2.298761313378993,1.3273135339715338,1.0
shots_against_pg,Opponent shots per game,6,9,0,-0.14428711861559826,0.6072387695312499,1.218167138287296,-2.1542738361523037,-1.0543128863068594,-1.251449958480032,-0.05251854888819274,1.0
on_target_against_pg,Opponent shots on target per game,9,6,0,0.08799179762709032,0.6072387695312499,1.042572070285374,-2.5715839315463027,-0.13680836476189395,0.4354691441125116,0.16844328969661082,1.0
possession_pct,Possession (%),9,6,0,0.49994923744664777,0.6072387695312499,-0.44393270628458925,2.17925820653634,2.0238047303228957,1.4146265575815908,1.5917664330447274,1.0
pass_accuracy,Pass accuracy (%),12,3,0,0.763302058924944,0.03515625,0.7575197604657984,1.3628911324137687,2.7095333625580706,0.38613548794283414,1.3963527274824528,0.421875
passes_pg,Passes per game,12,3,0,0.9660111170890974,0.03515625,0.8481596390113142,2.6884352598427257,2.544727855750578,1.2802744240643764,2.588078879906015,0.421875
long_pass_share,Long passes (% of passes),5,10,0,-0.42186451607072295,0.30175781249999994,-1.392136490725626,-1.314982001298586,-2.1535416439266344,-0.7073932788024551,-1.053173306496808,1.0
distance_km_pg,Distance covered per game (km),6,9,0,-0.10353560832922036,0.6072387695312499,-0.8167137197445326,0.15510617474414434,0.21651281808128164,5.300099190403257,-1.132952891892524,1.0
fouls_pg,Fouls committed per game,2,12,1,-1.1261632098301995,0.012939453125,-1.847442038894654,-1.3543174867048018,-1.1964351422061161,-0.16844743851772603,-2.5007773256968004,0.18115234375
