season,team_id,ko_stage,reached_final,exp_stage,p_final,rank_in_season,ko_size,base_rate,team_display,is_target,complete
2012,50037,3,True,1.7529537736748924,0.1553655092045058,4,16,0.125,Bayern München,False,True
2012,50051,2,False,2.666689388030194,0.4801670126468824,2,16,0.125,Real Madrid,False,True
2012,50058,1,False,0.524997779384551,0.13721169909787076,5,16,0.125,Milan,False,True
2012,50080,2,False,2.7027054319573973,0.6266471781542516,1,16,0.125,Barcelona,False,True
2012,50109,0,False,-0.003260185921270791,0.015608481402323907,14,16,0.125,Leverkusen,False,True
2012,50118,1,False,0.12566672280854682,0.005992422281128754,16,16,0.125,APOEL,False,True
2012,50136,0,False,0.4165377352035475,0.0348538978722409,11,16,0.125,Napoli,False,True
2012,50138,0,False,0.6337648587922563,0.07798466265957095,7,16,0.125,Inter,False,True
2012,50147,1,False,0.1878897612995434,0.06259753140174787,8,16,0.125,Benfica,False,True
2012,52280,0,False,0.37700845906242453,0.028582118083321707,12,16,0.125,Arsenal,False,True
2012,52748,1,False,0.43036676570542215,0.03934979404583759,10,16,0.125,Marseille,False,True
2012,52826,0,False,0.2927145894671194,0.0797999377016396,6,16,0.125,Zenit,False,True
2012,52914,4,True,0.6322838116249367,0.1801405960062252,3,16,0.125,Chelsea,False,True
2012,5312,0,False,0.4597818635847987,0.04111756746252861,9,16,0.125,Lyon,False,True
2012,54266,0,False,0.24560162123577653,0.021653458552334765,13,16,0.125,CSKA Moskva,False,True
2012,59856,0,False,0.15223862888592554,0.012928133427589599,15,16,0.125,Basel,False,True
2013,50037,4,True,1.750979082390432,0.23885044872455252,2,16,0.125,Bayern München,False,True
2013,50050,0,False,0.30444257600633073,0.021359727563156492,15,16,0.125,Celtic,False,True
2013,50051,2,False,1.8253057625797153,0.3607450741171171,1,16,0.125,Real Madrid,False,True
2013,50058,0,False,0.47144895399980874,0.16336383637636115,4,16,0.125,Milan,False,True
2013,50064,0,False,1.4290081451678156,0.18936911962410455,3,16,0.125,Porto,False,True
2013,50067,1,False,1.4576092559025078,0.1105233020131705,9,16,0.125,Galatasaray,False,True
2013,50080,2,False,0.3858952301621278,0.15430556441838106,6,16,0.125,Barcelona,False,True
2013,50139,1,False,1.2191457612307592,0.1555441263039125,5,16,0.125,Juventus,False,True
2013,52268,0,False,0.31451866917351684,0.0375252036215316,13,16,0.125,Valencia,False,True
2013,52280,0,False,0.4684683078277706,0.021545029425153475,14,16,0.125,Arsenal,False,True
2013,52682,0,False,0.7212986315510682,0.10919552434747999,10,16,0.125,Man Utd,False,True
2013,52707,0,False,0.5150511646740351,0.1371771532045739,8,16,0.125,Shakhtar,False,True
2013,52747,1,False,1.6007116764058602,0.08849870025057913,11,16,0.125,Paris Saint-Germain,False,True
2013,52758,3,True,0.7326927987059504,0.05065792983103716,12,16,0.125,Borussia Dortmund,False,True
2013,57388,0,False,1.0929345533524097,0.1432166893029273,7,16,0.125,Schalke,False,True
2013,74069,1,False,0.5606875918471573,0.018122570875961613,16,16,0.125,Málaga,False,True
2014,2610,0,False,0.741827036706082,0.058636677214163435,11,16,0.125,Olympiacos,False,True
2014,50037,2,False,2.6622821243674966,0.48147678771257235,1,16,0.125,Bayern München,False,True
2014,50051,4,True,1.5101492025315784,0.16918313046925654,3,16,0.125,Real Madrid,False,True
2014,50058,0,False,0.44001451237176525,0.032322142022864195,13,16,0.125,Milan,False,True
2014,50067,0,False,0.21566553666164578,0.01644079774983716,14,16,0.125,Galatasaray,False,True
2014,50080,1,False,2.0702071495732377,0.3784572738868378,2,16,0.125,Barcelona,False,True
2014,50109,0,False,0.4238634009708781,0.01619915677492064,15,16,0.125,Leverkusen,False,True
2014,50124,3,True,1.1082222252025775,0.14591101776969198,4,16,0.125,Atleti,False,True
2014,52280,0,False,0.31815815495654803,0.10058344924513123,9,16,0.125,Arsenal,False,True
2014,52682,1,False,0.6147902769766069,0.10625638730095288,7,16,0.125,Man Utd,False,True
2014,52747,1,False,0.2676053741482541,0.1259463029317419,5,16,0.125,Paris Saint-Germain,False,True
2014,52758,1,False,1.1915503847308826,0.09504923879699617,10,16,0.125,Borussia Dortmund,False,True
2014,52826,0,False,1.2470568018693418,0.012421195366264265,16,16,0.125,Zenit,False,True
2014,52914,2,False,0.890659806436311,0.11948527296282739,6,16,0.125,Chelsea,False,True
2014,52919,0,False,0.5454406210750138,0.03537875376937406,12,16,0.125,Manchester City,False,True
2014,57388,0,False,0.30952573182632526,0.10625241602656794,8,16,0.125,Schalke,False,True
2015,50023,1,False,0.29202131557054845,0.02046412559601641,13,16,0.125,Monaco,False,True
2015,50037,2,False,1.293374088557639,0.20101933289728072,5,16,0.125,Bayern München,False,True
2015,50051,2,False,2.6539625527724318,0.3979537166702342,1,16,0.125,Real Madrid,False,True
2015,50064,1,False,1.425512062295367,0.23921193659568216,3,16,0.125,Porto,False,True
2015,50080,4,True,1.7211487878827063,0.1527016906774881,6,16,0.125,Barcelona,False,True
2015,50109,0,False,0.24411762966737907,0.05867527524563765,11,16,0.125,Leverkusen,False,True
2015,50124,1,False,0.5886430738695774,0.13720962880052362,7,16,0.125,Atleti,False,True
2015,50139,3,True,1.5475432855319762,0.09721819603560979,8,16,0.125,Juventus,False,True
2015,52280,0,False,0.09143911267714516,0.01372945175758951,15,16,0.125,Arsenal,False,True
2015,52707,0,False,0.5354019202264223,0.08115460886048755,10,16,0.125,Shakhtar,False,True
2015,52747,1,False,0.6280811633116123,0.09181236235222473,9,16,0.125,Paris Saint-Germain,False,True
2015,52758,0,False,1.492455183645274,0.25126803367458095,2,16,0.125,Borussia Dortmund,False,True
2015,52914,0,False,1.8729707054494396,0.21129206886324386,4,16,0.125,Chelsea,False,True
2015,52919,0,False,0.2814158955847738,0.016818689460095435,14,16,0.125,Manchester City,False,True
2015,57388,0,False,0.19626834561557824,0.006567519422228142,16,16,0.125,Schalke,False,True
2015,59856,0,False,-0.02537339279029094,0.02290336309107718,12,16,0.125,Basel,False,True
2016,4608,0,False,0.6937800858356246,0.04531738032387753,14,16,0.125,Gent,False,True
2016,50037,2,False,2.2373401326827236,0.33560172233098423,2,16,0.125,Bayern München,False,True
2016,50051,4,True,1.4897507162911856,0.4647630007185822,1,16,0.125,Real Madrid,False,True
2016,50062,0,False,0.3064598059648818,0.05433823933005386,11,16,0.125,PSV,False,True
2016,50080,1,False,1.8533160493587604,0.1431662889291162,5,16,0.125,Barcelona,False,True
2016,50124,3,True,0.46564789759516545,0.161378306488461,4,16,0.125,Atleti,False,True
2016,50137,0,False,0.5166616776800438,0.030773433034968527,16,16,0.125,Roma,False,True
2016,50139,0,False,0.22267092830247526,0.07727055122311605,9,16,0.125,Juventus,False,True
2016,50147,1,False,0.42863039657504115,0.04651767148061322,13,16,0.125,Benfica,False,True
2016,52280,0,False,0.24424154467081025,0.03465982499977629,15,16,0.125,Arsenal,False,True
2016,52723,0,False,0.32814122599700796,0.07090067853844235,10,16,0.125,Dynamo Kyiv,False,True
2016,52747,1,False,0.6747180511699967,0.12447160478538301,6,16,0.125,Paris Saint-Germain,False,True
2016,52826,0,False,0.4329913945446048,0.08451366296483646,8,16,0.125,Zenit,False,True
2016,52914,0,False,1.0812396540763591,0.16294829576592088,3,16,0.125,Chelsea,False,True
2016,52919,2,False,1.1087417522237641,0.11069174631202253,7,16,0.125,Manchester City,False,True
2016,64332,1,False,0.5571289781605682,0.052687592773845604,12,16,0.125,Wolfsburg,False,True
2017,50023,2,False,0.4263712760474738,0.06053966443052621,13,16,0.125,Monaco,False,True
2017,50037,1,False,1.4892083430680685,0.2613072462695669,2,16,0.125,Bayern München,False,True
2017,50051,4,True,0.7597511977119737,0.11208967981061467,7,16,0.125,Real Madrid,False,True
2017,50064,0,False,0.404752055034972,0.18082356912352518,4,16,0.125,Porto,False,True
2017,50080,1,False,2.2566437012542044,0.31094806504625194,1,16,0.125,Barcelona,False,True
2017,50109,0,False,0.7072332478255812,0.1374572693406211,5,16,0.125,Leverkusen,False,True
2017,50124,2,False,1.6592912043327281,0.09910014133589962,10,16,0.125,Atleti,False,True
2017,50136,0,False,0.23496673860237954,0.08689994988397955,11,16,0.125,Napoli,False,True
2017,50139,3,True,1.1544888160761846,0.20194745449353105,3,16,0.125,Juventus,False,True
2017,50147,0,False,0.20252237208714907,0.019372941150937142,16,16,0.125,Benfica,False,True
2017,52280,0,False,0.7293558968105814,0.10459673573340462,8,16,0.125,Arsenal,False,True
2017,52714,0,False,0.6113198694004089,0.053698666206428235,15,16,0.125,Sevilla,False,True
2017,52747,0,False,0.2904072421083427,0.12406909454432563,6,16,0.125,Paris Saint-Germain,False,True
2017,52758,1,False,0.49348684934171944,0.08439312961305577,12,16,0.125,Borussia Dortmund,False,True
2017,52919,0,False,0.3670232128101001,0.058561634738239006,14,16,0.125,Manchester City,False,True
2017,53577,1,False,0.37987760902238243,0.10419475827909341,9,16,0.125,Leicester,False,True
2018,1652,0,False,0.7261321695207519,0.09593866714839479,9,16,0.125,Tottenham,False,True
2018,50037,2,False,1.6339404504943562,0.1512580216703549,6,16,0.125,Bayern München,False,True
2018,50051,4,True,1.7748275964278861,0.3129670077743001,1,16,0.125,Real Madrid,False,True
2018,50064,0,False,0.31770912975668236,0.05425943774707501,14,16,0.125,Porto,False,True
2018,50080,1,False,1.9325908901700433,0.22933463512140748,2,16,0.125,Barcelona,False,True
2018,50137,2,False,0.6685874777439174,0.05679048850517167,13,16,0.125,Roma,False,True
2018,50139,1,False,0.7991679867819325,0.15699203907113515,5,16,0.125,Juventus,False,True
2018,50157,0,False,0.5977630797248243,0.13148035161849675,8,16,0.125,Beşiktaş,False,True
2018,52682,0,False,1.2562022672012954,0.19720110060271304,3,16,0.125,Man Utd,False,True
2018,52707,0,False,0.09095195182558581,0.029465605857523124,15,16,0.125,Shakhtar,False,True
2018,52714,1,False,1.523780764892776,0.028446924485498157,16,16,0.125,Sevilla,False,True
2018,52747,0,False,2.0229948987476942,0.14700239510720772,7,16,0.125,Paris Saint-Germain,False,True
2018,52914,0,False,0.20410034676823885,0.07447917453573354,12,16,0.125,Chelsea,False,True
2018,52919,1,False,0.4834927808735745,0.07741363799936299,11,16,0.125,Manchester City,False,True
2018,59856,0,False,0.35584801394549703,0.0947185915501576,10,16,0.125,Basel,False,True
2018,7889,3,True,0.8161767372245864,0.16225192120546805,4,16,0.125,Liverpool,False,True
2019,1652,3,True,0.5202622722690377,0.028109334392742626,15,16,0.125,Tottenham,False,True
2019,50037,0,False,1.383255164573565,0.2119309297148801,3,16,0.125,Bayern München,False,True
2019,50051,0,False,2.9105976840619223,0.23811529796866934,2,16,0.125,Real Madrid,False,True
2019,50064,1,False,1.0149035234287265,0.13154505215588116,7,16,0.125,Porto,False,True
2019,50080,2,False,2.2564100987326214,0.29288430816823013,1,16,0.125,Barcelona,False,True
2019,50124,0,False,0.7921958684745731,0.1554618882010243,6,16,0.125,Atleti,False,True
2019,50137,0,False,0.4826025258676884,0.07706078318157857,11,16,0.125,Roma,False,True
2019,50139,1,False,1.3172824575130069,0.18522646508903665,5,16,0.125,Juventus,False,True
2019,50143,2,False,0.5133869819832392,0.050898229775269685,12,16,0.125,Ajax,False,True
2019,52682,1,False,0.4381274845356521,0.10517606130831551,10,16,0.125,Man Utd,False,True
2019,52747,0,False,0.40142593589083764,0.11487381673051598,8,16,0.125,Paris Saint-Germain,False,True
2019,52758,0,False,0.8163195813039756,0.04409094105975785,14,16,0.125,Borussia Dortmund,False,True
2019,52919,1,False,1.1958961152285377,0.1882207270237492,4,16,0.125,Manchester City,False,True
2019,5312,0,False,0.3980808733950956,0.0185066405626286,16,16,0.125,Lyon,False,True
2019,57388,0,False,0.21636834396030188,0.10852369562638475,9,16,0.125,Schalke,False,True
2019,7889,4,True,1.0544178076768898,0.049375829041335605,13,16,0.125,Liverpool,False,True
2020,1652,0,False,0.4261755979930137,0.02225237420790997,15,16,0.125,Tottenham,False,True
2020,2603790,2,False,0.5723179664262795,0.02231623429425758,14,16,0.125,Leipzig,False,True
2020,50037,4,True,1.5962728172168317,0.5438503386678158,1,16,0.125,Bayern München,False,True
2020,50051,0,False,2.2566384625089126,0.31951401692414805,2,16,0.125,Real Madrid,False,True
2020,50080,1,False,0.7332396657813153,0.08698506507570572,8,16,0.125,Barcelona,False,True
2020,50124,1,False,0.576165997034564,0.14323474162843602,4,16,0.125,Atleti,False,True
2020,50136,0,False,0.8845646535443578,0.06635141449937329,10,16,0.125,Napoli,False,True
2020,50139,0,False,1.0236239185762566,0.07352557188838059,9,16,0.125,Juventus,False,True
2020,52268,0,False,0.6336776829322963,0.04216250153139616,12,16,0.125,Valencia,False,True
2020,52747,3,True,1.068450807493395,0.11619676883945039,7,16,0.125,Paris Saint-Germain,False,True
2020,52758,0,False,-0.020771991543356995,0.03477242257941385,13,16,0.125,Borussia Dortmund,False,True
2020,52816,1,False,0.32658928649418995,0.021462158417740906,16,16,0.125,Atalanta,False,True
2020,52914,0,False,0.42957870750396626,0.12200892301889836,6,16,0.125,Chelsea,False,True
2020,52919,1,False,1.9353023035483545,0.1838858187666933,3,16,0.125,Manchester City,False,True
2020,5312,2,False,0.09143519739646738,0.06302961267627318,11,16,0.125,Lyon,False,True
2020,7889,0,False,2.2596875515474615,0.13845203698410677,5,16,0.125,Liverpool,False,True
2021,2603790,0,False,0.4885912082733832,0.03366527673668347,15,16,0.125,Leipzig,False,True
2021,50037,1,False,2.1014053333909657,0.08543116179278068,9,16,0.125,Bayern München,False,True
2021,50051,2,False,2.445665622329792,0.1628816388546668,3,16,0.125,Real Madrid,False,True
2021,50064,1,False,0.29926543312900805,0.11135567649687497,8,16,0.125,Porto,False,True
2021,50080,0,False,1.9171877181008918,0.3414623136370175,2,16,0.125,Barcelona,False,True
2021,50124,0,False,1.0015070047627854,0.11190685035171924,7,16,0.125,Atleti,False,True
2021,50139,0,False,1.2238129900828025,0.08108786115285961,10,16,0.125,Juventus,False,True
2021,52714,0,False,0.5719034744496915,0.12653835156515048,5,16,0.125,Sevilla,False,True
2021,52747,2,False,0.6351055062616267,0.07480342249247054,12,16,0.125,Paris Saint-Germain,False,True
2021,52757,0,False,0.4617425638823255,0.014382919344761198,16,16,0.125,Mönchengladbach,False,True
2021,52758,1,False,1.2755284513890912,0.14475507595253137,4,16,0.125,Borussia Dortmund,False,True
2021,52816,0,False,0.535788177754,0.07048231112895029,13,16,0.125,Atalanta,False,True
2021,52914,4,True,0.6660667762733803,0.12225445501895253,6,16,0.125,Chelsea,False,True
2021,52919,3,True,1.7862991863717261,0.38795632140243586,1,16,0.125,Manchester City,False,True
2021,52973,0,False,0.6032465212731717,0.05599369862920912,14,16,0.125,Lazio,False,True
2021,7889,1,False,0.20147656509216794,0.0750426654429363,11,16,0.125,Liverpool,False,True
2022,50030,0,False,0.18538349296045212,0.08994480336911548,9,16,0.125,Salzburg,False,True
2022,50037,1,False,2.597266439819154,0.36395508029911133,1,16,0.125,Bayern München,False,True
2022,50051,4,True,2.043805358889021,0.18963286266205753,5,16,0.125,Real Madrid,True,True
2022,50124,1,False,0.4129904497647434,0.04070933915195168,10,16,0.125,Atleti,False,True
2022,50138,0,False,0.4485941821710918,0.11875979221683657,8,16,0.125,Inter,False,True
2022,50139,0,False,0.7370858088414338,0.13548245102306164,7,16,0.125,Juventus,False,True
2022,50143,0,False,2.1694398040220015,0.1951206330679088,4,16,0.125,Ajax,False,True
2022,50147,1,False,0.1353942528787941,0.020164558393672972,15,16,0.125,Benfica,False,True
2022,50149,0,False,0.24650012771765442,0.026331592281412037,14,16,0.125,Sporting CP,False,True
2022,52682,0,False,0.43487297063063723,0.03700105344128953,12,16,0.125,Man Utd,False,True
2022,52747,0,False,0.5873086442517372,0.0197947316950397,16,16,0.125,Paris Saint-Germain,False,True
2022,52914,1,False,1.7534044405014018,0.23786416395524543,3,16,0.125,Chelsea,False,True
2022,52919,2,False,1.784961107931803,0.13560584271513387,6,16,0.125,Manchester City,False,True
2022,70691,2,False,0.47571011526908435,0.03368864434038297,13,16,0.125,Villarreal,False,True
2022,75797,0,False,0.5544784966532953,0.03903599648315045,11,16,0.125,Lille,False,True
2022,7889,3,True,2.2298612312557324,0.31690845490463,2,16,0.125,Liverpool,True,True
2023,1652,0,False,0.140478423862361,0.04260757451202488,10,16,0.125,Tottenham,False,True
2023,2603790,0,False,0.49701183502798185,0.03443701537080509,12,16,0.125,Leipzig,False,True
2023,50037,1,False,1.7035004272179923,0.3387347066377314,2,16,0.125,Bayern München,False,True
2023,50043,0,False,0.09629742915775188,0.01685284718469467,16,16,0.125,Club Brugge,False,True
2023,50051,2,False,2.4309717878965675,0.17096598073044783,6,16,0.125,Real Madrid,False,True
2023,50058,2,False,0.32239116370292586,0.03973786070537701,11,16,0.125,Milan,False,True
2023,50064,0,False,0.3726100662506073,0.06753221893407622,9,16,0.125,Porto,False,True
2023,50072,0,False,0.4104698033348917,0.030973813090241775,13,16,0.125,Frankfurt,False,True
2023,50136,1,False,1.2646344595858323,0.1755756409237387,5,16,0.125,Napoli,False,True
2023,50138,3,True,0.26078964624120465,0.029347999994532047,14,16,0.125,Inter,True,True
2023,50147,1,False,0.3284585797287051,0.08474458952488836,8,16,0.125,Benfica,False,True
2023,52747,0,False,0.8526581582282958,0.09847001056550973,7,16,0.125,Paris Saint-Germain,False,True
2023,52758,0,False,0.33985658955314046,0.028709415226573824,15,16,0.125,Borussia Dortmund,False,True
2023,52914,1,False,1.3437615266182206,0.17631313192010167,4,16,0.125,Chelsea,False,True
2023,52919,4,True,1.8900828710711952,0.3170894000868163,3,16,0.125,Manchester City,True,True
2023,7889,0,False,2.535036339643257,0.34790779459244064,1,16,0.125,Liverpool,False,True
2024,2603790,0,False,0.22834222960444928,0.025103454008911775,14,16,0.125,Leipzig,False,True
2024,50037,2,False,2.064649683012261,0.15566950353318582,4,16,0.125,Bayern München,False,True
2024,50051,4,True,1.3990982692588174,0.3266438745725956,2,16,0.125,Real Madrid,True,True
2024,50062,0,False,0.25474723147346184,0.053752359835824715,11,16,0.125,PSV,False,True
2024,50064,0,False,0.41546508640048163,0.13050494219125947,5,16,0.125,Porto,False,True
2024,50080,1,False,0.9446119199576481,0.07910070374581604,9,16,0.125,Barcelona,False,True
2024,50123,0,False,0.6226903182562531,0.15971681160406667,3,16,0.125,Real Sociedad,False,True
2024,50124,1,False,1.179283458599049,0.11208688525374566,7,16,0.125,Atleti,False,True
2024,50136,0,False,0.2644412717332232,0.02111054714883465,15,16,0.125,Napoli,False,True
2024,50138,0,False,0.2440741557709065,0.06663626663221776,10,16,0.125,Inter,False,True
2024,52280,1,False,1.2744646373847852,0.12237369559616527,6,16,0.125,Arsenal,False,True
2024,52709,0,False,0.21041842185222667,0.014656984044536957,16,16,0.125,Copenhagen,False,True
2024,52747,2,False,1.1143034193853822,0.0375902065207709,12,16,0.125,Paris Saint-Germain,False,True
2024,52758,3,True,0.41762100787170103,0.09140643535509672,8,16,0.125,Borussia Dortmund,True,True
2024,52919,1,False,2.6888061257476688,0.566752881867437,1,16,0.125,Manchester City,False,True
2024,52973,0,False,0.4106757342408313,0.036894448089535126,13,16,0.125,Lazio,False,True
2025,2601306,0,False,0.3689819719903261,0.039620686105237946,17,24,0.08333333333333333,Brest,False,True
2025,50023,0,False,0.6257578781439828,0.04040059131861149,16,24,0.08333333333333333,Monaco,False,True
2025,50037,1,False,0.8278747875372373,0.16609118610402918,3,24,0.08333333333333333,Bayern München,False,True
2025,50043,0,False,0.2963161669793212,0.05731626538007582,14,24,0.08333333333333333,Club Brugge,False,True
2025,50050,0,False,0.12733910536324367,0.010484279192131416,24,24,0.08333333333333333,Celtic,False,True
2025,50051,1,False,0.7457976571264757,0.12809087908443786,7,24,0.08333333333333333,Real Madrid,False,True
2025,50058,0,False,0.4883052732784615,0.031266720067850896,19,24,0.08333333333333333,Milan,False,True
2025,50062,0,False,0.634876712564673,0.07417049016608245,10,24,0.08333333333333333,PSV,False,True
2025,50080,2,False,1.232947912803634,0.14956808883080544,4,24,0.08333333333333333,Barcelona,False,True
2025,50109,0,False,1.5393960259763624,0.13528847967468194,6,24,0.08333333333333333,Leverkusen,False,True
2025,50124,0,False,0.008016951625100969,0.03844769467313505,18,24,0.08333333333333333,Atleti,False,True
2025,50138,3,True,0.8381974334570308,0.0771840899146178,9,24,0.08333333333333333,Inter,True,True
2025,50139,0,False,0.1419855389482549,0.015520753774509526,22,24,0.08333333333333333,Juventus,False,True
2025,50147,0,False,0.2482664964371008,0.06697543280777099,12,24,0.08333333333333333,Benfica,False,True
2025,50149,0,False,0.39998253854002963,0.02769665953351207,20,24,0.08333333333333333,Sporting CP,False,True
2025,52280,2,False,0.9825494992633851,0.1471013870880955,5,24,0.08333333333333333,Arsenal,False,True
2025,52683,1,False,0.982522118223725,0.040610456841885044,15,24,0.08333333333333333,Aston Villa,False,True
2025,52747,4,True,0.7597542271352743,0.09636493569596614,8,24,0.08333333333333333,Paris Saint-Germain,True,True
2025,52749,0,False,0.060926086364435514,0.011948306793266373,23,24,0.08333333333333333,Feyenoord,False,True
2025,52758,1,False,0.6790791303926363,0.07075343996058907,11,24,0.08333333333333333,Borussia Dortmund,False,True
2025,52816,0,False,1.871507600927578,0.2307492801296321,2,24,0.08333333333333333,Atalanta,False,True
2025,52919,0,False,2.1539834849261337,0.05858096233004,13,24,0.08333333333333333,Manchester City,False,True
2025,75797,0,False,0.07959645361527556,0.023865980100572236,21,24,0.08333333333333333,Lille,False,True
2025,7889,0,False,1.6302944464051061,0.26190295443246364,1,24,0.08333333333333333,Liverpool,False,True
2026,1652,0,False,0.8768236839919961,0.05709118924437581,13,24,0.08333333333333333,Tottenham,False,True
2026,2610,0,False,0.4992059085073361,0.06807199066781784,11,24,0.08333333333333333,Olympiacos,False,True
2026,50023,0,False,0.5357098290620007,0.03933492856036235,16,24,0.08333333333333333,Monaco,False,True
2026,50037,2,False,1.928572149977037,0.17905944927813433,3,24,0.08333333333333333,Bayern München,False,True
2026,50043,0,False,0.033119908524854885,0.009223371427225395,22,24,0.08333333333333333,Club Brugge,False,True
2026,50051,1,False,2.0677219483502607,0.0923242025702267,7,24,0.08333333333333333,Real Madrid,False,True
2026,50067,0,False,0.556079128005496,0.05490734244388559,14,24,0.08333333333333333,Galatasaray,False,True
2026,50080,1,False,1.3237899433229314,0.06995242834033848,10,24,0.08333333333333333,Barcelona,False,True
2026,50109,0,False,0.14912371037128855,0.019582585225642726,21,24,0.08333333333333333,Leverkusen,False,True
2026,50124,2,False,0.4975232175019998,0.06256596888169845,12,24,0.08333333333333333,Atleti,False,True
2026,50138,0,False,0.6304440371822656,0.08424132575703253,8,24,0.08333333333333333,Inter,False,True
2026,50139,0,False,0.5618074979348563,0.0702442730282023,9,24,0.08333333333333333,Juventus,False,True
2026,50147,0,False,0.2697078741835557,0.04215632240380152,15,24,0.08333333333333333,Benfica,False,True
2026,50149,1,False,0.09563472106711386,0.03218781795095609,18,24,0.08333333333333333,Sporting CP,False,True
2026,52280,3,True,1.6712563813621242,0.2461114977645815,2,24,0.08333333333333333,Arsenal,True,True
2026,52747,4,True,1.6581572536619635,0.15895595343432173,4,24,0.08333333333333333,Paris Saint-Germain,True,True
2026,52758,0,False,0.5705685969915677,0.020318433749638213,20,24,0.08333333333333333,Borussia Dortmund,False,True
2026,52816,0,False,0.328006741377135,0.02604257735894584,19,24,0.08333333333333333,Atalanta,False,True
2026,52914,0,False,1.550445757930878,0.14374538291046984,5,24,0.08333333333333333,Chelsea,False,True
2026,52919,0,False,1.672167055534583,0.13841938592366618,6,24,0.08333333333333333,Manchester City,False,True
2026,59324,0,False,0.9287981940218754,0.03238743435402305,17,24,0.08333333333333333,Newcastle,False,True
2026,59333,0,False,0.1917272331576005,0.002091646738524299,24,24,0.08333333333333333,Bodø/Glimt,False,True
2026,60609,0,False,0.6004256943713421,0.004835485655242482,23,24,0.08333333333333333,Qarabağ,False,True
2026,7889,1,False,1.8290082440193243,0.3461490063308867,1,24,0.08333333333333333,Liverpool,False,True
