season,team_id,base_value,shap_coef_log,shap_points_pg,shap_goal_diff_pg,shap_shots_pg,shap_shot_accuracy,shap_conversion,shap_attacks_pg,shap_shots_against_pg,shap_on_target_against_pg,shap_possession_pct,shap_pass_accuracy,shap_passes_pg,shap_long_pass_share,shap_distance_km_pg,shap_fouls_pg
2012,50037,0.865823297145212,0.0011368428225083864,0.03860351341275221,-0.11381827538184515,0.05412079736759109,-0.06785634770052225,0.0327072550155705,0.5337457257310764,0.036466835292587214,-0.07976190189488848,0.02034276475685623,0.17225524325615446,0.12022697608400507,0.17324376425016558,0.06265413134215628,-0.09693684782448601
2012,50051,0.865823297145212,-0.03516842979040977,0.41456344242928167,0.691403775300471,0.034419413655745905,0.09374106584854323,-0.2899555253220352,0.40945882798950517,-0.014042524941775847,-0.013675677857271532,0.04028526579749952,0.11183330645642749,0.06215762743632514,0.003660939110917857,0.06961536672118505,0.22256921805057167
2012,50058,0.865823297145212,-0.0441392395270346,-0.051868089058085785,-0.10858154932639183,0.06833432129320495,0.0008964357395449035,0.02605340690652962,-0.18068493462172897,-0.072398712846959,0.018160252088443823,-0.03396718702207234,-0.02895168771167095,-0.07773452198598078,0.07130947822944869,0.12155110917263603,-0.0488045990905454
2012,50080,0.865823297145212,0.11701302623528424,0.4830708451864729,0.7090583561838659,0.07779452743524153,0.07672535773820849,-0.0732899304640369,0.0037416450630376216,0.014676672197060163,0.16328524674074518,0.07520658062983179,0.10561266759287931,0.18045217587360926,-0.4545871152380198,0.06259969791221688,0.2955223817257868
2012,50109,0.865823297145212,-0.024983427789748557,-0.05793757736169954,-0.19821234408794047,-0.0823232335847292,-0.052686086864330364,0.04972289916747264,-0.1909552507283285,0.01894914627295923,-0.08304518497188029,-0.06030420239699348,-0.03002518799825566,-0.08257448356259259,0.0717343774225694,-0.11835113857338478,-0.028091788009600452
2012,50118,0.865823297145212,0.06923771461201138,-0.05171643772505442,-0.19252467575445847,-0.060093744742086806,0.09764936331308005,-0.18830444838163357,-0.18042683624243666,-0.05727440877439107,-0.07476695513981396,0.03926007437437409,-0.016764234101382867,-0.08160911731323087,0.09039409355609294,-0.12718667878148798,-0.006030283236246636
2012,50136,0.865823297145212,0.034264967326891244,-0.0669024749407268,-0.10086942792119741,-0.07052586535719298,-0.003558926471500975,-0.15037337549150567,-0.1734415552559563,0.02423260297023185,0.013883158691806586,0.0371033239647777,-0.01578238713999262,-0.08070011338851887,0.07987568385686075,0.046622132252098325,-0.023113305037739507
2012,50138,0.865823297145212,-0.05010771299466174,-0.07456710395179465,-0.15665637146397868,-0.11303511989217915,0.18191490306928704,0.11924249924783212,-0.19509911329683868,0.020150474219933375,0.015743265493997162,-0.04846389861490027,-0.015344608289863533,-0.08549285619738338,0.09289273661752424,0.05604198797122134,0.020722479728848733
2012,50147,0.865823297145212,-0.04073121067016554,-0.04894525051764135,-0.10611791227643809,-0.0749720331253735,-0.023918116631840826,0.06811093117101051,-0.17401073380005774,-0.005767914585775165,-0.0119676629382461,-0.049403035511420834,-0.029043341036865417,-0.07959560479118571,0.07225222995318721,-0.13673347891380222,-0.03709040217105378
2012,52280,0.865823297145212,-0.04971637408602244,-0.08040905132519434,-0.15898488202422834,-0.12305060893311599,0.07953999108059133,-0.017577259172013412,-0.18500722784157847,0.020520655119534607,0.013137709052782382,-0.0023789525109163584,-0.024758521664506327,-0.09129674892715815,0.04078891065606322,0.04502829247875465,0.045349230014220185
2012,52748,0.865823297145212,-0.026278402702656998,-0.056554120048208784,-0.10606984159048859,-0.07463694242078546,-0.023291317713707325,0.04124978611301005,-0.18543389434040045,-0.0036736580471324826,0.016946208209322532,-0.04533522672795375,-0.01844761868093576,-0.08722477292119575,0.08768741016322454,0.08235288235355798,-0.0367470230854396
2012,52826,0.865823297145212,-0.021797334984245614,-0.053810042523059216,-0.1149818665797106,0.011456347585795518,-0.022251524276759076,0.06689475118439814,-0.18445010768858597,-0.004330114005325259,-0.03156662990520954,-0.04767768352395525,-0.005049670862734,-0.07420841537064332,0.08703632116347007,-0.1316308989618177,-0.04674183892971096
2012,52914,0.865823297145212,0.02632380101672309,-0.0901562908703036,0.08874857194707597,0.03979782536504331,-0.06522818320943617,0.05902385198216091,-0.19783491410865622,-0.019529918445223365,-0.058847499835585175,-0.048763283755453496,-0.02275349130281314,-0.08898241217992177,0.05121769625571375,-0.13211501059673814,0.22555977221713902
2012,5312,0.865823297145212,-0.04028865407729559,-0.06657938219127933,-0.12339809088950662,0.054023345126232324,-0.006100454906717737,0.04365648522065188,-0.19387467919787038,0.014178162626436343,-0.081861495022699,-0.040673570300052045,-0.010438428457321949,-0.10189979141590497,0.09426844689119004,0.09129428184116889,-0.03834760880744535
2012,54266,0.865823297145212,-0.04128866514178329,-0.06816697259368747,-0.15714649357627106,-0.06420410444573299,-0.012507661311411664,0.008829289871946946,-0.18502697167817847,-0.013535599429747023,-0.07075965070252445,-0.040686208825424695,-0.02059633920595982,-0.0887571811655963,0.08279791979519663,0.09454397078409187,-0.043717008284353966
2012,59856,0.865823297145212,-0.01286269928792064,-0.0682463967673365,-0.14145474211608675,-0.08574329761287586,0.00839508446980938,-0.10267958867999719,-0.1760105854034626,0.022508527331190395,-0.0031228159395071007,0.017498594044145006,-0.028435176695751872,-0.07894617212823063,0.08732538706601821,-0.1296557245417398,-0.022155061997540373
2013,50037,0.8694271596295472,0.10360065318883033,-0.05252403446458858,0.11995275629230318,-0.02137881438528729,-0.052699815492625604,-0.019315439009381662,0.4267355160540723,0.008456198354247543,0.007033363484782156,0.019261123423705964,0.06800817134863987,0.1743629234990289,0.21695640591520024,0.049961493446665874,-0.16685857889470762
2013,50050,0.8694271596295472,0.0015566543847895069,-0.03931232621075927,-0.1692699758495094,-0.053054014500924424,0.016427420001666717,-0.0826235034194961,-0.16343531512270545,-0.033982642349172455,-0.058707447534489234,0.0031439777289397194,-0.007456887290143337,-0.08543962017519215,0.06669009188098267,0.04494894015227397,-0.004469935319476611
2013,50051,0.8694271596295472,0.14357282827260764,-0.045137436574175197,-0.05551243242396359,-0.004696093857871085,0.017637635703095792,0.11425465013665445,0.6238879107526376,-0.00902963315204973,0.027383201426483605,0.01151158881487961,-0.016095179982936633,-0.11737855978894203,0.11678560718029453,0.05807639569136679,0.09061812075208552
2013,50058,0.8694271596295472,-0.03717102892330031,-0.059580349032291424,-0.20200395104331512,0.08418933511507015,-0.01296720081730105,0.06868991886171694,-0.1426806651678016,0.0024546739802411236,-0.02413241502007364,-0.010825997454744565,-0.006006210641035185,-0.11400389783805803,0.0867372455061325,0.06844907260584181,-0.0991267357608199
2013,50064,0.8694271596295472,-0.022101557122207592,-0.05008929293988004,-0.040848910096003666,0.06878695464167943,-0.06177979609480336,0.1176104799308741,0.4380288607991183,0.05893745971955428,-0.04310419417232127,0.012688953093368016,-0.004011736896278215,0.1206017526620416,-0.039012152286207455,0.04558880330275513,-0.04171463900341907
2013,50067,0.8694271596295472,-0.008988546027301614,-0.03948012592183398,-0.17633675944111762,0.0084965473978058,-0.013769009728526474,0.06932180479181935,0.5616397361440111,-0.006342778310447512,0.03084907335009483,0.014498879137226748,-0.019521829871780406,-0.11243133634406795,0.12101988908975958,0.19689184722098677,-0.037665295213666766
2013,50080,0.8694271596295472,-0.054000086107950936,-0.049740873191776815,-0.06485669911242802,-0.014218602349163514,-0.054665813470106774,0.05699669127458818,-0.17531988673172877,0.0009058214065407429,-0.0956099006695449,-0.039024267362432696,0.07514485357037076,0.1545842810426936,-0.565213583966804,0.07713253905192938,0.26435359714839424
2013,50139,0.8694271596295472,-0.008846200155762169,-0.042790889845947463,0.10754940031701588,0.0014258922138086205,-0.012832053312179468,0.08559082339612387,0.5202498243888626,0.0025146720358100727,-0.03590919881311029,-0.03742040265887852,-0.012402886425429317,-0.13109784547112602,0.1124620778009005,-0.14306470705025484,-0.05570990481862205
2013,52268,0.8694271596295472,-0.040970057358156925,-0.029184693743717467,0.025563326829073786,-0.06402627602140078,0.047280576393021,-0.18088890292046295,-0.15778903857710555,-0.021436800504213566,-0.007705535103465323,-0.00758420316220661,-0.015998403098611426,-0.1118216977634385,0.09837437738716814,-0.0730024663149201,-0.015718696497593866
2013,52280,0.8694271596295472,0.06524367176181817,-0.03403969960987538,-0.056415553937092314,-0.06522798782589836,0.08532722695408199,-0.20554180801166475,-0.15410187261400596,-0.022695954256417954,-0.0067501995738735235,-0.007416620532763116,-0.008573294664663337,-0.10623024056342817,0.1044838750068482,0.05192389797472084,-0.04094429190956257
2013,52682,0.8694271596295472,0.07013383639891997,-0.04811200044552677,-0.09579215319091679,0.0943479503646461,-0.048968090973041646,0.054025264248798006,-0.1614591262229689,0.008068694907195726,0.014125901786586783,0.02019073188257333,-0.021864963864000154,0.0956634154385776,-0.05512392537792369,0.05482571767548504,-0.12818978070688417
2013,52707,0.8694271596295472,-0.04160279330150665,-0.03848618441085189,-0.106104390110048,-0.04140938415097043,-0.03857208546790452,0.07031210130969194,-0.1750429923832725,-0.00863677428286668,0.019878986872679635,0.004614986248401795,-0.009859497476988175,-0.10431523243890145,0.08144376844193041,0.054739176607928805,-0.021335680412835064
2013,52747,0.8694271596295472,0.00712431896500215,0.167661865215682,0.7388707972743558,-0.016605960938320414,0.08027943473511527,-0.0909130937165461,-0.13476571022350928,0.0026449264195936937,-0.0216501038229875,-0.03155414399358386,-0.006811819404971097,0.09306745946949678,-0.14066570049771063,0.10901761946559309,-0.024415372170896545
2013,52758,0.8694271596295472,-0.037372205782517307,0.032766839728442916,-0.057439625517203094,0.07537327016264125,0.10186313661773372,0.11787225273513584,-0.19045753959110662,-0.0008079615094411898,-0.010502831004305324,-0.005837243801918841,-0.0026484780590813792,-0.1038328257808332,0.09012772044758616,-0.16614454655386723,0.02030567698513723
2013,57388,0.8694271596295472,-0.05100676744795521,-0.037436249053612945,-0.0881218449090015,-0.027736590533114586,-0.0018981074409314955,0.05022515039831353,0.5228271394145716,0.003859428898423045,-0.09307165145049064,-0.003053306097528807,-0.015221811113160306,-0.12734661290509908,0.12945085453884783,-0.001089936000011555,-0.03687230257638633
2013,74069,0.8694271596295472,-0.0038633625577418397,-0.03758028835684054,0.026232668253988078,-0.06603275906948786,0.04765471893878189,-0.05867715700489748,-0.15191535353458527,-0.016338222656342934,-0.016249152600253013,-0.034132163942298066,-0.006847651625745835,-0.10941375112820247,0.06497567933005526,0.07080576586161366,-0.01735853769043373
2014,2610,0.8682878679058965,0.002885499433466488,-0.03735802747137981,-0.08943442876670396,-0.07900954372465976,-0.03919214361147518,0.06840042221888927,-0.21254377782358796,0.0006420582953344995,-0.018209181423057632,-0.014798080896670935,-0.006265441581172893,-0.08944076510853688,0.05149901261598693,0.3644610668758051,-0.02809750023205165
2014,50037,0.8682878679058965,-0.1257709783814483,0.14124787081147921,0.3868923410912608,0.22707868801411785,0.20760531213759148,-0.014535634132081842,0.39380956803182277,0.10860665070744988,0.0065041919190368955,0.05283475586635524,0.1958885127135945,0.13991988061605723,-0.08936080948636134,-0.10049307208215212,0.2637669786348772
2014,50051,0.8682878679058965,-0.06101717765224042,0.1275757137452634,0.45102443424468913,0.05746582917122701,0.05734325313203328,-0.28601270147124574,-0.16078316375189847,0.002346008908452184,-0.09749458737001872,-0.0022070531456130906,0.04874010816324169,0.16540802184328612,0.13945448719420714,0.028822152468529257,0.17119600914576888
2014,50058,0.8682878679058965,-0.039462623828846514,-0.047270363994062474,-0.06600706485047457,-0.08433829372006135,-0.06689719517326033,-0.011116887075749166,-0.20058508375750883,0.007088396298284194,-0.020165682437186926,0.030822948086519572,-0.003447142838140337,-0.08480823360483881,0.05149901261598693,0.16892688525102037,-0.06251202650581325
2014,50067,0.8682878679058965,-0.0012383368770393492,-0.0676535125174242,-0.1642243002510103,-0.08621800601378946,-0.042179295720472965,0.07037811768167654,-0.2235341988991002,0.004973213697394113,-0.012865466088202396,-0.026423103968044655,-0.0019215402399466747,-0.1261820812532138,0.07790238016513275,0.013031615780689924,-0.0664678167409002
2014,50080,0.8682878679058965,-0.08756993811043644,-0.0809653085258262,0.15813384357007507,0.05148758486342042,0.1087955069487075,-0.03341116356550244,0.4282966479777786,-0.004075845499226549,0.20022060139205203,0.06289069441365881,0.1541881248319197,0.21429842049492112,-0.49547622511818146,0.30129921230998213,0.22380712568399996
2014,50109,0.8682878679058965,-0.004678077841070764,-0.04252861554980263,-0.16376902550982755,0.034338040700659656,-0.04310633736595923,0.04633439750893303,-0.2323278216957997,-0.00538693051046082,-0.015139228882685499,-0.01610048100153607,-0.003418472476407473,-0.12999253222626483,0.06550079065518584,-0.107576441928767,0.17342626918878443
2014,50124,0.8682878679058965,-0.02327687344708735,0.1827329381380151,0.44694666871271765,0.054264781546981694,-0.06841216621047343,0.004392978090818873,-0.1579202325881413,-0.00812616517198173,-0.0848212944167371,-0.02187358904920208,-0.0022800324338671917,-0.11721997935390992,0.06578549710916932,0.024711488420205385,-0.05496966204982775
2014,52280,0.8682878679058965,-0.052556461082937496,-0.043697330438397144,-0.08633991152698148,-0.15000696461436652,0.14455206348731317,-0.031013350752103114,-0.19466323973005742,-0.009875582337031131,-0.08813942343391956,-0.0015783732717561268,-0.028634158184746846,0.06597383293833999,-0.09472169389869445,0.023108855587540805,-0.0025379756915515123
2014,52682,0.8682878679058965,0.04708346724959765,0.09382729994288576,0.13104311123954276,-0.10827866594967868,-0.017212982811891327,0.018241178482538294,-0.21102727999725224,-0.007576696549532054,-0.0650162349695801,-0.026603441126655917,-0.035711766161725986,-0.11234295245146426,0.06422313440114953,0.0349396672664275,-0.05908542949365028
2014,52747,0.8682878679058965,0.034650768763328135,-0.035107268661271465,0.11950963474694719,-0.1136182869012501,0.11193441021571642,-0.25125980502781686,-0.19605997647095072,0.005591432038107035,-0.06534384514493888,0.021323281287848012,0.10329885186965813,0.09429353049693877,-0.48697311950379124,0.1335282457534897,-0.07645034721965661
2014,52758,0.8682878679058965,0.028764789864582918,-0.06898953034415271,-0.05517609507035322,0.00790531852420414,-0.0010462172895468918,0.0702690033192179,0.5868694471858702,0.011724201138872313,-0.015426726631380307,-0.013820416006456846,-0.013166874183423122,-0.1336880055578173,0.11133552204903874,-0.1266453481914826,-0.06564655198218751
2014,52826,0.8682878679058965,0.023005800152418012,-0.06599918766037287,-0.16374127762125323,0.06514034102535199,-0.02316408570142004,0.05811576937293898,0.6168272169907616,0.006645396199008654,0.006961031212479193,0.0016878189959666546,-0.035782011762874225,0.0918826962395989,-0.11364783090295852,0.008467000857412275,-0.09762974343361336
2014,52914,0.8682878679058965,-0.05579454815972312,-0.03704707539229295,0.12825741513778777,-0.11627859254988639,0.05231176365266071,0.011018301502653831,-0.1761195411440184,-0.008804334915062944,-0.04893447026937942,0.0007507513603807778,-0.02960799955544624,0.18147927428405117,0.1568385492395321,0.04561917437252521,-0.0813167290333671
2014,52919,0.8682878679058965,0.02508804445036919,0.11645695200268362,0.10246394900377127,0.028398287910775814,-0.01799255374440248,-0.18620209285579492,-0.1959115618795098,-0.014193143338632105,-0.05533808358932294,-0.016399474637284316,-0.02039443953916432,-0.11574573433148144,0.06522519000728919,0.016652802662067544,-0.054955388952246984
2014,57388,0.8682878679058965,-0.0213580527051173,-0.05404108981618444,-0.22337917494985615,0.08963127395718921,-0.04396310931089444,0.040049977858838695,-0.19523344602404338,0.06463517256908595,0.08549924458385481,-0.022151739761405175,-0.024353751355366302,-0.12729949726739395,0.07899244566182334,-0.11145030969287839,-0.09434007982722367
2015,50023,0.8712936681490855,0.017226674530345706,-0.03677220178375959,-0.15446631061638721,-0.054463775579976816,-0.0671561014586183,0.06519374877855401,-0.14036893119750005,-0.007089442364812179,-0.0007025858792248552,-0.04253229249590074,-0.027794024142568288,-0.10257668683215557,0.030953426296821168,-0.008935684733962043,-0.0497881650993918
2015,50037,0.8712936681490855,0.16874414774744992,-0.038736807049391773,0.18905347079338672,0.07529830559233008,0.010983665935334955,-0.07008213867881663,-0.11002533457890555,-0.017824813912465248,-0.02768726531464556,0.027092486522475312,-0.029217029686705812,0.09085858429718986,-0.2716693539243738,0.05958704334029617,0.3657054593253925
2015,50051,0.8712936681490855,0.16009862801068475,0.2442488261198671,0.5989357154474764,0.18548741091381732,0.11761936062220289,-0.07273474030836335,0.2879546266344569,0.003167666055752998,-0.02592210687672944,0.013188787401562305,-0.03179579118027017,0.07669786101384735,-0.2094220045415347,0.02520937957443448,0.4099352657361416
2015,50064,0.8712936681490855,-0.04732298473184859,0.08617595078572941,0.22980732817572838,-0.012808132148506426,-0.02044442030668475,-0.011317170186620146,-0.12297232647010567,0.06738524535213364,0.13483996348192206,0.05113089845476188,-0.014976427601356418,0.20094088841172794,0.1474544560609437,-0.06931131396018911,-0.06436356117135504
2015,50080,0.8712936681490855,0.17447905255226603,-0.012182242053751676,0.2139269536296849,-0.004923573546222689,0.024611492328047997,-0.05391770564288155,-0.07749617479938922,0.06145755616686543,0.1585276440221467,0.03908421589732906,0.10539487398798496,0.10033485916323892,-0.15514719195237311,0.022034378268525386,0.2536709817121477
2015,50109,0.8712936681490855,-0.03678788073831819,-0.030544333505704162,-0.191506734970821,-0.04484405428284727,-0.06116605860018693,0.07485316069445265,-0.14475309318123206,0.03547806740827032,0.07203766009652858,-0.03344307497415031,-0.01827131540452476,-0.0637158798139909,-0.050399415907268125,-0.05444038799335037,-0.07967269730856352
2015,50124,0.8712936681490855,-0.061976255132077704,-0.030332107059751177,0.16825124355370746,-0.026071009932544454,-0.042634538767666354,-0.016816192171767406,-0.08843168668676685,-0.01729883033831564,-0.026407480309355517,-0.06534547790280311,-0.039697460360248196,-0.08956920142823956,0.1211386250780101,-0.0035930601916787756,-0.06386716263001121
2015,50139,0.8712936681490855,-0.02008916430044325,-0.0032378675459569946,-0.11437088936374439,-0.04763483303013129,-0.009632869794184047,0.06822925710962123,0.531426525075822,0.007744967677020307,0.007557974070557571,0.01813282193803413,-0.010813058022952128,0.19865493313076252,0.14289992524846717,-0.009153593086010318,-0.08346451172397233
2015,52280,0.8712936681490855,-0.06965422553210147,-0.027250998635292706,-0.14724571244182721,-0.06907728580220104,-0.02143703256427232,-0.2135806333029527,-0.1286143984051307,-0.03264409142822225,-0.011355450775381238,-0.01672449962332777,-0.01855883795813349,-0.09501553309915309,0.10079002932995738,-0.0023801826193473284,-0.02710570261455434
2015,52707,0.8712936681490855,0.006788032063850453,-0.0231459695842339,0.1749388853134443,-0.07375565663695989,0.1513851527188623,-0.24805073702478064,-0.10408194119235133,-0.006037741901993353,6.075354869132954e-05,-0.04161543452858235,-0.03182645302537813,-0.09940725053056185,0.06452816261182742,-0.046033895696405674,-0.05963765405809167
2015,52747,0.8712936681490855,-0.06349032121219622,-0.033347844356104404,-0.1832021283058863,0.07177915088490854,-0.027028361603205715,0.09329103250209958,-0.14546340301446642,0.018365207046270884,0.07128211571226856,-0.030711558999578968,-0.004433704823991703,0.08071730152515778,-0.16459349121331177,0.07480723240602555,-0.0011837313854623163
2015,52758,0.8712936681490855,-0.06344049175449923,-0.02787980429595689,0.2592708326244479,0.1035070217742802,-0.03801132116243574,0.17960719569303993,-0.1479633182217012,0.061074832067541024,0.12045909124631467,-0.04375049276477182,-0.03903216430999795,-0.08599480676105481,0.0818432170862021,-0.050987408163815855,0.31245913243859375
2015,52914,0.8712936681490855,0.07624107439758931,0.02285696429837386,0.8295298086848841,-0.010132922587108278,0.10813572750619216,-0.17638134671819308,-0.0877958747554395,-0.02164578759153429,-0.028098249770305592,0.037272726263456256,-0.016682993742067935,0.21578624790729817,0.21359311891630225,-0.04645664713258339,-0.11454480837651135
2015,52919,0.8712936681490855,-0.03391418306456299,-0.026823090108775254,-0.23441530471242517,-0.06322563830117625,-0.04368228515917215,0.10176579815221824,-0.1335646490115132,0.007119418415283603,0.01571792778254651,-0.03261903779846893,-0.02004300152601938,0.08173736418740497,-0.16198898222480063,-0.010367585670416861,-0.03557452352443447
2015,57388,0.8712936681490855,-0.06363411703104395,-0.02626303149976804,-0.2533841308042099,-0.08622335242638623,-0.05362689735294743,0.11046594352118866,-0.15656911557634917,0.0025543555640061186,0.015113500493599117,0.0015865606795407426,-0.00017619020166977198,-0.10217299659682619,0.09999437439233065,-0.07483634486607575,-0.08785388082889546
2015,59856,0.8712936681490855,-0.0409438471671139,-0.027967274859320674,-0.2667004920139852,-0.037858410866243496,-0.07379299863817991,0.04929471573503942,-0.14830997305542787,-0.024657211715780825,-0.08665186093798889,-0.049560240950698026,-0.022019430647962336,-0.11659009425965602,0.10966185151736746,-0.06928907736246,-0.09128271571696611
2016,4608,0.8638015145130544,0.07260423860952249,-0.041697827942890044,-0.17386818829068584,-0.0495199464023693,0.16078053624501698,0.06841849841173077,-0.156162384128494,-0.03398404430835229,0.013471716736992092,-0.058880126386129265,-0.02737259081849052,-0.09466183355000155,0.09199770906286275,0.07344880336663225,-0.01459598928277388
2016,50037,0.8638015145130544,0.17686653106636413,0.0990971776306384,0.5621617092341119,0.11697137517867057,0.03762215878068879,-0.014031592510225146,0.012419277754836346,0.03592903986345098,0.029293860595892056,0.15161912415041004,0.04158416440694902,0.1432868717546488,-0.36185778306011546,-0.09160892269826844,0.43418562602162
2016,50051,0.8638015145130544,0.09888928695719164,0.2203047328793446,0.4972153329416536,-0.17137095411608175,-0.07860945800051156,0.02737725282373397,0.21564538201616612,0.09314761387183877,0.011749845761666542,-0.08728625022235144,0.09499567350585682,0.06675420184276927,-0.1959639859888675,0.01110714028369388,-0.1780066127779729
2016,50062,0.8638015145130544,-0.008189895005477196,-0.04223608076908633,-0.1882299322733618,-0.05372181615242243,0.0014635147354998316,-0.008445680445271175,-0.1512602965488822,-0.007646485456283841,0.013455091343173606,-0.0456029479132984,-0.028192493534344998,-0.09901594323586682,0.08906208616131282,0.0011862042063930742,-0.02996703366025682
2016,50080,0.8638015145130544,0.23149130155124012,0.07947635592905669,0.2887986928097915,0.03849007652470664,0.10927599514213085,0.00013633365250523396,-0.1444444130455299,0.031216497591728638,-0.008813276366685805,0.15474874862409113,0.03057982474668072,0.16808829647776607,-0.32384117777186033,0.008005139789976865,0.32630613919010726
2016,50124,0.8638015145130544,-0.07390995655918221,-0.018379202482681694,-0.003260644622687053,-0.0011003856506564904,-0.0570283321845409,-0.008997725815617223,0.12434745775777543,0.003945285330868206,-0.007860325380402761,-0.019712781212065787,-0.019966113347147513,0.07364121919592477,-0.18036272878272552,-0.11341188054334578,-0.09609750262140489
2016,50137,0.8638015145130544,-0.01716306699416452,-0.07833152268762247,-0.21642332448445395,0.07381730454971697,-0.023475944182494556,0.07456585969686291,-0.15554154199233758,0.029536710207698987,-0.023051699584167376,0.07093975388264705,-0.0125529181233061,-0.09811398193655486,0.08250219046947298,0.05182898702640696,-0.10567664268071546
2016,50139,0.8638015145130544,-0.09715068880983466,-0.032931543624609344,-0.10595554772673454,0.03494389849689339,-0.031525678480796654,0.0456641755981007,-0.14633670865914644,-0.0028162975342649102,0.0035349066507296004,-0.06551240867405933,0.007753650861944799,-0.11651023998610541,0.12146915256929916,-0.1361958959856947,-0.11956136090630075
2016,50147,0.8638015145130544,-0.09528662040550426,-0.03790773727690913,-0.1775667798175751,0.07791109792298741,-0.05089467990197273,0.08121677304501722,-0.13980681124428535,-0.04960238823343951,0.014193765823893732,-0.008528858632372696,-0.023528062212972337,-0.08625050229877283,0.05099965357968534,0.05654917319482428,-0.04666914148061755
2016,52280,0.8638015145130544,-0.10427200376210664,-0.07345754382504592,-0.16220440332434544,-0.09748494167348858,0.1693057263621755,-0.0633636430970627,-0.17866923359446907,-0.06530821407285284,-0.003941382880726268,-0.06140898690325209,-0.026983473094719372,-0.08638849620977876,0.08590599162627938,0.010643929171842734,0.038066705435305694
2016,52723,0.8638015145130544,-0.061432380488890596,-0.03757597633014132,-0.13352163546242193,-0.06369724240254031,0.05705698451481341,-0.007136724840884302,-0.1269144374336137,0.009217344008790814,-0.0034098197274466564,-0.0682621642561134,-0.03001793244503694,-0.11208074538113041,0.15759029549444134,-0.09027912068910149,-0.025196733076770974
2016,52747,0.8638015145130544,-0.07752580669234464,-0.01906522515986384,0.21694034249617083,0.0865958796737356,0.004393416754984675,0.0037174221981120053,-0.1323184491630438,0.003164866592300442,0.0015596998032936036,0.020640335757699937,0.05180746629980922,0.16524252234370249,-0.4741108219009696,0.0857203358207024,-0.12584544816734705
2016,52826,0.8638015145130544,-0.07436416292417794,0.13591971220490778,-0.08599289626662464,-0.05892175218578476,-0.011104074109727425,-0.21511048105443206,-0.10172208413164496,0.004779817192068819,0.0013284808644956822,0.08209637926648465,-0.008464253882903084,-0.1029084634140175,0.10170270848700284,-0.08264152628219425,-0.015407523731903761
2016,52914,0.8638015145130544,0.1260287215402817,-0.021698055569260542,0.19725813435893902,0.12937760164619055,-0.04789108441292902,-0.006694590635270246,-0.138787882064332,0.015360657173811606,-0.010715388033413606,-0.08113318828864595,-0.024640462905259744,-0.07895694655103491,0.09994525258632188,0.18885676663857456,-0.1288713959206696
2016,52919,0.8638015145130544,-0.06876557668845971,-0.042149171147758444,-0.10480534136291861,-0.016550514106846877,-0.03884724064174477,0.08422071327114188,0.460456425522706,0.0005882750495392611,0.024912652725179552,-0.07234680003019378,0.007753650861944799,-0.10656525917055754,0.13217128248346555,0.0774856796119852,-0.09261853866677275
2016,64332,0.8638015145130544,-0.03181192617462646,-0.04618067170246368,-0.12830684771169862,-0.11984358369961212,0.06636917187072122,-0.014091621841658256,-0.15365859983300945,-0.011329296135596637,0.008442145588616742,-0.04401597300354261,-0.030407050168808087,-0.108423406104127,0.08611873586924436,0.07334676529047125,0.14711962140360368
2017,50023,0.8695370893240927,-0.02908381415031284,-0.04755691463253102,-0.2279828610758877,0.0959316165576464,-0.06251760877547577,0.08584567510150762,-0.1648338956117412,-0.002266779160513627,0.006012018429989374,-0.05745174246895601,-0.0018090497199557915,-0.13420236473593772,0.07821515631006823,0.01640788401317405,0.0021268666423072875
2017,50037,0.8695370893240927,-0.04281892958085487,-0.06349162580349545,0.07372519153778836,0.044367412413748177,-0.021362374351793275,0.07017269364735211,0.14951984585993225,0.05234363074924797,-0.005804883912757774,0.13985958318376557,0.07555975758331668,0.23303419118595026,0.026487812765187576,0.019741006264295965,-0.13166205779770782
2017,50051,0.8695370893240927,-0.20013868667154547,-0.06247415055199593,-0.1214631722582805,-0.12939450454159168,0.016041856429817754,0.03128143361376738,0.38769708406294495,-0.09256184100656376,-0.021408747185734052,-0.04992299921707844,-0.053662695779451895,0.15482279031754217,0.12441600599181966,0.022985506390315054,-0.11600377120608435
2017,50064,0.8695370893240927,-0.046141901491500104,-0.04716488152166688,-0.1428435808028232,-0.013184692452967557,-0.07261154949284908,0.07743079340480614,-0.14419562973111513,0.002853918827825435,-0.018191829709887294,0.017016923692225776,0.018423862447441784,-0.08658556588350483,0.07976302406198954,0.01689365496552119,-0.10624758060261644
2017,50080,0.8695370893240927,-0.09731612375269466,0.07928333629261214,0.7238602850785641,0.08262194271562424,0.09633778003522592,-0.26622238589324276,0.2687470148453608,0.14531775241152117,-0.016702282357477054,0.1500922145438241,-0.04036952205687617,0.2586215227201981,-0.03342287788974443,0.15595272116137573,-0.11969476592415987
2017,50109,0.8695370893240927,-0.04146218212302854,-0.021297866570601082,-0.10817354701413623,0.10960157442070005,-0.02150014715771407,0.06542520066249166,-0.15609413670067562,0.0018101478174460874,0.00476706537210338,-0.055245833791849434,0.003080912068716011,-0.11796369415933346,0.06488269898439594,0.14079415410787444,-0.030928187414900707
2017,50124,0.8695370893240927,0.20948579800073697,0.10123880972278018,-0.13784474881705247,0.011485587742619045,-0.05382008862974519,0.10696303088712777,0.4345937961243925,-0.005468456361564997,0.0019842227410058295,-0.04871107917653597,-0.03068294324710209,-0.10015000007816512,0.0884075630047293,-0.15523301796413044,0.3675056410595405
2017,50136,0.8695370893240927,-0.04461967379201943,-0.045889497619847945,-0.12585974806724004,-0.000870337312976883,-0.03316618458590206,0.07896371618461306,-0.14199420682417896,0.015117698406092442,-0.018173700614812275,-0.058076710389497396,-0.046059704113926424,0.0725871321182886,-0.09797254296568111,-0.14304542195927666,-0.04551116918534757
2017,50139,0.8695370893240927,-0.03895099646214495,-0.009850378487842183,0.12526735660149413,0.0098504187715017,-0.05435826886978607,0.0815846200355588,-0.19280136110845147,0.1153161534027486,0.05924664126178179,0.0025777112032208966,-0.030113674020982042,0.14282251910511568,0.11527902472240567,0.042423217728388495,-0.08334125713091647
2017,50147,0.8695370893240927,-0.03736789174310454,-0.024489334869902436,-0.2502414218855946,0.0871960728058875,-0.05837580654194282,0.07123953362712591,-0.15523238821263313,-0.07782002753991907,-0.016373434243002173,-0.05612047566355745,0.006007281160663023,-0.12891590642837022,0.07762798969211192,-0.08145383142262533,-0.022695075972080286
2017,52280,0.8695370893240927,-0.03460796916871911,-0.047151530894614574,0.48518445414479017,-0.0587288819795097,0.0994005997983509,-0.2769103232588392,-0.16580880921195604,-0.01855201669085215,-0.025314761146073325,-0.038687977398762376,-0.021569987788326507,0.05222227042518213,-0.1187994875842413,0.07297542077119133,-0.04383219253113126
2017,52714,0.8695370893240927,-0.04133419602784628,-0.0464263706586275,-0.10676697517395758,0.14157687500433394,-0.05916228207249658,0.07551755975653812,-0.14311568108436035,-0.07637259861120589,0.019355523446701967,0.01955035555865222,-0.01623259768979446,-0.0910333243716438,0.07547964919127115,0.02138168787519597,-0.030634845066444684
2017,52747,0.8695370893240927,-0.04293904413863367,-0.05069225875954718,-0.13215226693598858,0.0032981589276446606,-0.04392257469524755,0.08462485009654332,-0.18071078406791882,0.023211262311577382,-0.018814114426141643,0.011743855725119323,0.011155132835619991,0.10203166185425962,-0.3004727071445778,0.05559672525742703,-0.10108774405588568
2017,52758,0.8695370893240927,-0.04089920762887652,-0.04626517074582759,0.4311266228363813,0.0403493644049313,0.09003636881907265,-0.3028049587760925,-0.19040170644162355,-0.0034493605227260437,-0.02784150333079416,0.03036900221078255,-0.05196024009311785,0.06669202084029065,-0.09724147092080333,-0.17508355697869,-0.0986764436552803
2017,52919,0.8695370893240927,-0.04031078556012748,-0.00676726192241221,-0.21214610484830843,-0.004128381717346335,-0.02501053558034099,0.07859899322138254,-0.20191686376376977,-0.0013497932762910033,0.005335502634742165,0.038440694614744204,-0.028603066123037507,-0.10220208401947022,0.08054171201233853,0.020531015539486937,-0.10352691772558302
2017,53577,0.8695370893240927,0.005458495466117819,-0.03411807295919362,-0.2635117937721689,-0.045439695386713726,0.1245407207631407,-0.04393137621706766,-0.16100355377857817,-0.0706644047379156,0.003728518447124169,0.026911583490982726,0.0036148712250523947,-0.10681587185979877,0.061347449292314664,0.012100676001687842,-0.001877026276694385
2018,1652,0.8691114428726837,-0.0234832526565011,0.2172910986982331,0.11860679159133158,0.0683296863243596,0.0030520151091802555,-0.1298361517046396,-0.09874402195993857,0.008867706110108226,-0.060562217411262116,-0.007724949760391918,-0.022927567769386835,-0.12859815099794628,0.09743681224743611,-0.12519905699320588,-0.059488014179308414
2018,50037,0.8691114428726837,0.16442709360825408,0.10107548176928696,-0.08054523780663735,0.18225331141472287,-0.0407881838618041,0.11308148117091596,0.3693404969082007,0.004279875225710539,-0.03439344732726412,-0.014063422165444053,-0.058167723343895354,0.16056749564473155,0.12894014962511785,-0.13851107477403837,-0.09266728846618374
2018,50051,0.8691114428726837,-0.18825607777992756,-0.09088389868541856,0.11811751667436311,-0.0707578171832521,0.03848208248590993,0.10339820066301848,0.2892825259070946,0.004640717361065737,-0.014046105650390672,-0.01638647252586691,0.0901755058011968,0.18974403380328322,0.19840778890789193,0.004389749511121926,0.2494084042651135
2018,50064,0.8691114428726837,-0.047407092780680664,-0.06356025490701307,-0.11255310797634299,-0.05725040663372565,-0.027956844102736935,-0.1964017073832342,-0.12771663808882971,0.011918335597723007,-0.011124590636784195,-0.0073704475567546515,-0.02030456794486755,-0.11407180887987904,0.06363053646485546,0.17671851483192028,-0.01795223311965175
2018,50080,0.8691114428726837,0.24550394052984126,0.061079943327792346,-0.12277182894511887,-0.04251836128074628,-0.04984858303263338,0.10822703145458344,0.5425141189851881,-0.04276045746639802,0.12635248817159517,0.07150411171941962,0.050407707392323045,0.22255281364955914,-0.22605984159008619,0.10841462872032134,0.01088173566172008
2018,50137,0.8691114428726837,-0.04549506055499859,-0.07199425033557924,-0.13815318763970114,0.09451307313494743,-0.03469046316423483,0.04143634774182639,-0.18888297645808882,0.009024985146807586,-0.004701027642677264,-0.010017556315468702,-0.0249230027375671,-0.12680931795082578,0.0968358202476316,0.007638038092373587,0.19569461330678872
2018,50139,0.8691114428726837,0.13184740825937266,-0.08820426195440154,-0.2216415272314697,0.12656852677054287,0.05690135162238011,0.046140689008620436,-0.15885959428405824,0.026471306689653584,0.03370606564058629,-0.013489516657796142,-0.0384763613922506,-0.11556693568325871,0.08341263666979895,0.13970171100103143,-0.07845495454950246
2018,50157,0.8691114428726837,-0.024774367767305627,0.03470561143005435,-0.11575150453778588,-0.056986400995737645,-0.02676745190989505,0.008711410370327145,-0.13719275775517803,0.004461921531116158,-0.019369800322158973,0.004369939608323513,-0.010469121595733428,-0.11407180887987904,0.07137378909064511,0.13138879410554555,-0.020976615520197445
2018,52682,0.8691114428726837,-0.042312072960825536,0.1617852724356078,0.09776579682813397,0.042866829939152244,-0.04402233324519176,0.11839281993912125,-0.16131245899913982,0.011184487290364264,-0.044906758641015364,-0.016874257361051165,-0.027813465400595094,0.16414282147381468,0.16727799841433239,0.05584813843197487,-0.0949319938160705
2018,52707,0.8691114428726837,-0.03238026761053004,-0.06549555736996426,-0.22913875476309956,-0.06106844352039288,-0.035369495254679806,0.08417722566501583,-0.13425729960322524,0.0021451403508601194,-0.06679812015353136,-0.006309574784159054,-0.023316474430860566,-0.1369191557459856,0.0984104926572541,-0.10883303606826843,-0.06300617041553101
2018,52714,0.8691114428726837,-0.051597927273067765,-0.06326990472686052,-0.2262143012264838,0.07101144129189818,0.04157667852838393,0.11668116788297216,0.48070809191247144,0.0010338292597086994,-0.007436733373519352,0.010371192449685089,-0.02953229582557668,0.09379076424117083,-0.0990837275613633,0.13301763645863912,0.18361340998203507
2018,52747,0.8691114428726837,0.07311647973500571,0.1279128247382921,0.9489212218514268,0.1613153621030534,-0.014017787549220884,-0.25446366316162705,-0.0729354823374021,0.003703305955051156,-0.06293133474590298,0.008942072710513822,0.030722621926042377,0.08881128066593409,-0.22395818934196007,0.1440009887262538,0.19474375459955262
2018,52914,0.8691114428726837,-0.06544818015710424,-0.07192871801785018,-0.1269260924902141,0.0250884745501185,-0.0270807376024342,0.019138020557118586,-0.19323121877636362,0.009024985146807586,-0.008450039473411029,-0.008522339723067998,-0.04785461551966587,-0.11969000907616595,0.08869772117778973,-0.13941499674116392,0.001586650041161986
2018,52919,0.8691114428726837,-0.045691612941915635,0.16750555152749588,0.10306264478500876,0.06706901383302813,-0.030604909346266904,3.625443700462428e-05,-0.13852085850902232,-0.021684628939184904,-0.04830943524925925,0.0008665854507209634,0.022906601139693783,0.21289880010686812,-0.4189414937990357,-0.16501796034145175,-0.09119321415279336
2018,59856,0.8691114428726837,-0.03347267547005028,-0.0984240794842725,-0.15095200854828109,-0.0707316501572819,-0.01906568301062008,0.005963169139642956,-0.13383625019667827,0.019522012602761853,0.09109574474729418,0.09696677146403557,-0.012259908176654932,-0.12676236521004441,0.06785187749772098,-0.12516311368903985,-0.023995270435719238
2018,7889,0.8691114428726837,-0.027109466120125773,-0.1309617848012557,0.2787208577220828,-0.08633773902958294,0.07038794433481523,-0.3529919339371294,0.1540037518895381,-0.06686948039648564,0.11776450694191129,-0.02413223370311639,-0.0297505257264176,0.13944192182715767,0.11458295972413231,-0.1287745859725552,-0.08090889840106649
2019,1652,0.8677400628664708,-0.10492492178367753,-0.10092314401847959,-0.2146356573087618,-0.010587963453375695,0.043431797013875485,0.06922907033866214,0.2908470779405911,-0.015515612052016774,-0.01722978504856978,-0.03616199622363161,-0.031538528607767555,-0.13214927166201457,0.11684057791291484,-0.10467372387382212,-0.09948570977136051
2019,50037,0.8677400628664708,0.19439137696029093,0.07197568932407432,0.28804142200066496,-0.00032461570454619433,-0.0020364021692935988,-0.2105160776010099,-0.1008016576036664,0.011144828981640958,-0.05614453127633339,-0.004692467141409442,0.0006777554827939637,0.22864608761403632,0.24761014402969148,-0.07755992189695882,-0.07489652929288108
2019,50051,0.8677400628664708,0.1793082974840919,-0.0322846602177938,0.13676404616927643,0.06389722054999288,0.07824568528349314,0.10955145090651196,0.3556345754286127,-0.00985217628768685,-0.0326989708197409,0.09284699419296322,0.10111888923047506,0.26977978808227976,0.24706278952841731,0.03415549400820767,0.44932819765635207
2019,50064,0.8677400628664708,-0.08452010334950778,0.3701158574875952,0.2856883204891543,-0.05546628486345318,0.019409477426535,-0.21112800191544845,-0.06575660111006464,-0.006720707353746305,-0.03340506860062953,-0.0028476615467468627,-0.04768011792149896,-0.11178095950187032,0.1038555620233329,0.07362542458477903,-0.08622567528617438
2019,50080,0.8677400628664708,0.27388011621686503,0.055220955943152204,0.22463142854928597,0.024347626321126647,-0.06628262545308665,0.10268441125338527,0.3434373536908052,0.006115958540168193,-0.0414273712748262,0.08190456821536303,0.12557114103847308,0.1297405124150343,-0.16602980368784448,0.07307957016106134,0.22179619393718808
2019,50124,0.8677400628664708,0.1980256871348877,0.07773150225438141,-0.1779461201463986,-0.08446718690635485,0.06647986380256585,0.06672761283563351,-0.11783499693145123,-0.06740170724640603,0.030925669311687286,-0.05652317687256746,-0.049391503415112496,-0.13397227754334803,0.11162922926523669,-0.002828360061304459,0.06330157012665363
2019,50137,0.8677400628664708,-0.09839815331432235,-0.09101357417496017,-0.16272633762163904,0.14023897479792818,0.05447205672809719,0.07465103483646382,-0.11243092480419929,-0.014281366535586681,0.001264992896181488,-0.02500976438080885,-0.033398222736112045,-0.14609937931539907,0.11837674566093433,-0.005467244914748342,-0.08531637412061144
2019,50139,0.8677400628664708,0.19672574248869404,-0.03243179247200431,-0.17234957753714358,-0.007805264432111299,0.06789967533294905,0.051484411884941995,-0.10947761783070058,0.14918612900003672,-0.03443317574963197,-0.030425705660830197,0.05156901239555783,0.14590657226019713,0.20659334979488012,0.05207308285814558,-0.08497244768644399
2019,50143,0.8677400628664708,-0.047198244844139134,-0.03296075262204257,0.03983124594558512,0.005857918434242606,0.07025139783961641,0.07096157554578356,-0.10232210398837102,-0.013240064642424438,-0.039935899695958905,-0.029534831736591112,-0.030776807180730732,-0.08495774674598892,-0.1062746067284299,0.04819376803704007,-0.10224792850082294
2019,52682,0.8677400628664708,-0.09473474312412325,-0.031512517383518825,-0.17372902275558222,-0.058689350762419,0.0015735681171913172,0.05500331607304098,-0.11779906236648773,8.132890174697026e-05,-0.01872751194591098,-0.025180901393852925,0.00015364211618111885,-0.12270201859976936,0.11340571525296672,0.10344696757729059,-0.060201988037571805
2019,52747,0.8677400628664708,0.03432483536057394,-0.025635199908072094,0.19543449422692633,-0.005913866493942232,-0.0030910263301315404,-0.206081100632546,-0.1187095118372521,-0.005935950081922581,-0.05643332758032094,-0.02361641642184506,0.05872784186314248,0.08915847851364372,-0.5077187697354493,0.22933463490900732,-0.12015924282744414
2019,52758,0.8677400628664708,-0.11349619520786237,0.05514233709977601,0.28634707491976624,-0.12271527240146336,0.011650086034183065,-0.1067666599273043,-0.10604599495732885,0.014997620213160054,0.02558510543658444,0.06668176218094087,0.08600758604582744,0.12944450361228974,-0.4791966796973868,-0.15880648441127573,0.3597507294975975
2019,52919,0.8677400628664708,-0.057785142900690686,0.054643073804013044,0.3360282711445478,0.018289863230626622,0.09193908401175097,-0.010255923764098295,0.26939779751729076,0.0023077635297623867,-0.011446213943002827,0.0019056914296333247,0.11467602831764763,0.08639434075256601,-0.48249340988774686,0.028638918389634675,-0.11408408926986867
2019,5312,0.8677400628664708,-0.11726206234114203,-0.09268133929735334,-0.21515463547818958,0.021546844981199312,-0.03295464601493541,-0.02520686183101372,-0.10842782775784164,-0.03079890672326803,-0.046341175617247446,-0.022130017133963058,-0.029014169888142195,-0.12404997509603956,0.10889973322260475,-0.08513663587828534,0.32905248538224213
2019,57388,0.8677400628664708,-0.08678638425703479,-0.029609554642057195,-0.1780402411354094,-0.06101320174564428,-0.04704770445877105,0.0530816481261772,-0.1070164664225706,0.0076633877671837105,-0.05399479026368606,-0.02564659983957106,-0.03292776368782316,-0.11916065012969994,0.0838761366363205,0.01259580051060441,-0.06734533536418748
2019,7889,0.8677400628664708,-0.10099300935886622,-0.11057093642308392,-0.14085508549897433,-0.010402422719135733,-0.022671771474218574,0.059095025808471945,0.3505899598539902,-0.007501212128420567,-0.019881932353751366,-0.013990164818258578,-0.05030322118453277,0.13596969617795954,0.18266361114028523,0.037120514094442905,-0.10159130630548911
2020,1652,0.864332770445347,-0.024142016860388724,-0.029003496405025034,-0.0790488143821261,0.047508915732993436,0.11024576581221907,-0.21414870309526068,-0.15021646078752704,-0.019427422030789072,-0.09743345904915475,-0.0428083477993842,-0.021182429656393355,-0.10500265822453132,0.08521579784015304,0.1395167365513588,-0.038230580098477795
2020,2603790,0.864332770445347,-0.03574092143120159,-0.044305996575471074,-0.12109245995341474,0.0419042909583474,-0.0442176015029784,0.042008091874691754,0.524032631230452,-0.07284796551029041,0.006062042065819609,0.009194419039292334,-0.01254751447721272,0.1125163110883944,-0.398064089032645,-0.18187250827367474,-0.11704353351917803
2020,50037,0.864332770445347,0.06265769009577701,0.2262838831387382,0.3262576382359578,0.0892035635424484,0.042344196245703715,-0.0060235992023287355,-0.10651223127743376,0.028053416605409866,-0.035053683430788456,0.0418613186878265,0.004203764556616073,0.20722824481235816,0.1441934767078222,-0.14834627562953398,-0.14441135631708762
2020,50051,0.864332770445347,0.054049932757187495,-0.03902744864191371,-0.0940327294599257,0.2096873553295543,-0.03148759205384499,0.09269069441591712,0.6280471667808492,0.014485926329406805,-0.06552389946946843,0.0076792225927461875,0.004285878411687061,0.15153516522391358,-0.06529104787484505,0.12695852311419362,0.39824854460810777
2020,50080,0.864332770445347,-0.04208982810960509,0.0829235400504935,-0.08421655960435435,-0.0994983006431937,0.0880973345040124,0.12267787926953931,-0.15250352280424054,-0.026872976209180496,-0.009902482049345388,0.010083012065823096,0.0015193075225059696,0.11458719621046737,-0.2002337624498063,0.1279580269915555,-0.06362196940870306
2020,50124,0.864332770445347,0.12460076702262643,-0.06716885224149391,-0.12176715431012956,0.04714426783900093,-0.029268273597746964,0.044786629016236285,-0.189313001503581,0.03669192655514775,0.14125577201530565,-0.028828397222745,-0.022134817997055228,-0.12294342229025534,0.0664992737488375,-0.07298333511806201,-0.09473815532686934
2020,50136,0.864332770445347,-0.0722887333377362,-0.03355090741945856,-0.0715185287499345,-0.1250192773817852,-0.014856504042357733,0.11325999461669545,-0.16109720217124165,0.003928526304217811,-0.06450708173465931,-0.03366633806839951,-0.02803978468911338,-0.10877648057597822,0.09971594142788431,0.13705917503021653,0.3795890838906612
2020,50139,0.864332770445347,0.08921992250241732,0.27103153932212204,0.13406355639788584,-0.10303170991688658,-0.03847724312051693,0.021318911500318755,-0.11959766415543531,0.005865332736798931,-0.08155524631592807,0.0021353636708752914,0.1000308289520948,0.12861029315865757,-0.23875781903966398,0.11051016444274414,-0.12207508200457501
2020,52268,0.864332770445347,-0.055195720912793664,-0.03355090741945856,-0.20463568070151655,-0.11949097817986977,-0.027105771424983074,0.09332633612532795,-0.18533477707900342,-0.015622349582672296,0.01057593562649675,-0.03442211528360131,-0.028508769468938003,-0.11379586132652128,0.08473170935205421,0.15283242920010018,0.24554143356232822
2020,52747,0.864332770445347,-0.04814744899504992,0.2455331770098659,0.5207968483263151,-0.10587870113236394,0.06296671789116917,-0.3010067074668592,-0.06818052710303867,-0.04209942244586522,-0.08434242275348425,0.035659920891720015,-0.011230911358898364,0.1264886351821329,-0.1802817250701389,0.09767477095873284,-0.04383416688618884
2020,52758,0.864332770445347,-0.045541632874641386,-0.036305882550851855,-0.20552360282446075,-0.0996937101020537,-0.0428542618395094,0.03954963772952078,-0.14833165256149855,-0.030831423197470578,-0.0016202735707727652,-0.028782497393407082,-0.01949887563195224,0.1287146926951582,-0.20143646632470458,-0.08622520491484871,-0.10672360862721122
2020,52816,0.864332770445347,-0.02792218424111078,-0.09195690643939357,-0.2531466647125303,0.048072244295575856,-0.028168406934029604,0.02717199710382791,-0.16568177146082336,-0.015149049945569653,0.01178728880190544,-0.03926575653508041,-0.026595298477394932,-0.11326702962931363,0.08080841033008972,0.12273794409868458,-0.06716830020599442
2020,52914,0.864332770445347,-0.03191147434207322,-0.04350222177410848,-0.15524576270401688,-0.01904499900425431,0.01868947970850448,0.04255459905240138,-0.19225037597200378,-0.007210015620379649,0.005525536016851936,0.016925245682947867,-0.026595298477394932,-0.12501911941631466,0.11163936850281896,0.03707696814917848,-0.06638599274353814
2020,52919,0.864332770445347,0.054278949726112184,0.10298102665694372,0.1372391194460514,0.0012348620111004005,-0.026040454049491332,0.02290838173979379,0.47590636852934665,0.054949031457219744,0.24833719721756506,0.04645067341944602,0.14553631014316626,0.14861780444697706,-0.1562305602354309,-0.08741464969293807,-0.09778452771285553
2020,5312,0.864332770445347,-0.04346223028798136,-0.07734519748100438,-0.23427428385932517,-0.0969713107543896,-0.04129728583847783,0.09825886747428714,-0.18907380752211042,-0.000753197371324348,-0.0625107202716557,-0.03550254294821592,-0.02649535018320723,-0.12155479812807396,0.09834881977889581,0.056597444029869715,-0.09686197968616628
2020,7889,0.864332770445347,-0.050390023476361234,-0.04115018215954008,-0.061803140399348096,0.059516864569293976,-0.04114536707678436,0.09644058772473113,0.6212835072317999,0.1652148736251416,0.010563329032587294,0.039903502955035815,-0.011292124727512997,0.2588895348331939,0.28664086544039147,0.12383719268418746,-0.06115463915470148
2021,2603790,0.8639372098222948,0.014972810759378183,-0.07014274544828857,-0.16797715267916555,0.08500269668892482,-0.011744623427405544,0.09824725990368444,-0.17679340958580436,0.012731380337499001,0.0035248717082369445,-0.007633291060259632,-0.025697192632822025,-0.13604332230208144,0.12723426838148277,-0.09101330133644539,-0.030014250855845304
2021,50037,0.8639372098222948,0.2104371685868176,0.1820408686465085,0.24316656689836486,0.02481204520343674,0.05063950735595693,-0.21151857384447523,0.40085164907857534,-0.035342022228498235,-0.03704213260617615,-0.01495969403215837,-0.026541964101916445,0.2117038365673671,0.2939328553163923,0.02166187520291724,-0.0763738624744408
2021,50051,0.8639372098222948,0.23261604735829272,-0.023627371722154837,-0.13305670969567496,0.03367370066869976,-0.0220422187299106,0.14723763938547374,0.5727766327079695,0.10535073436552404,0.017354436923568747,0.016804117102303017,0.18579606260537537,0.23839365026658657,0.23000473320100068,0.08573825628960224,-0.1052912982191555
2021,50064,0.8639372098222948,-0.08914898419699528,-0.046345980468091415,0.009920744063669306,-0.0984311983906618,0.007423964278745254,-0.1883717586275359,-0.17913386324531175,0.024704496704540585,0.012321433900120572,0.09467576866656931,-0.027751697324955134,-0.13194934286567764,0.02032735221921554,0.04124591218274617,-0.014158623589664628
2021,50080,0.8639372098222948,0.16521182336781187,0.16796650383906392,0.1999622517815436,0.10246486071802709,-0.006556057320230691,0.15371873212567438,0.24765444798603223,0.006900018502304732,-0.06755905968790146,0.008734401592416731,0.13404338587900014,0.24476327762197064,-0.3481956840942383,0.02903518084195027,0.0151064251251714
2021,50124,0.8639372098222948,0.17737381841003888,-0.07314251974414356,-0.16920331002674338,0.08633629916442279,-0.02551627696957414,0.05781739968929397,-0.07571381596828354,0.03523593879912383,0.16829840897885115,0.01889956167458144,-0.030614179198462745,-0.12191643021174549,0.10699489565034767,0.036856097173959185,-0.054136092481175874
2021,50139,0.8639372098222948,0.01395355954933231,0.308592817665092,0.18807299045136205,0.07683334241767056,0.024760532727782582,0.00253282978418151,-0.1559215286076521,-0.02687227070574091,-0.02701303464199389,0.01847912192447387,0.10269874275524388,0.09294909008019206,-0.09536282163825445,-0.09293675286078333,-0.07089083864040022
2021,52714,0.8639372098222948,-0.08620645234970634,-0.06440016436283905,-0.14916764569538846,0.03213810461527762,-0.023531856891017687,0.08839245086359844,-0.18480969433224453,-0.00258515466214524,0.005070289930341987,0.02252075739044486,-0.00896027874056324,-0.07520837137993709,0.14317923286657322,0.02370954579888709,-0.01217449842388469
2021,52747,0.8639372098222948,-0.011310938079471675,-0.08076979039112565,0.01391876927856602,0.07300900051841151,0.016155479324056605,-0.02799887703788898,-0.1792751626545796,-0.036345254271907414,0.005193401109454132,-0.0011292398897328722,-0.008012715163429891,-0.10311521398853013,0.0631541036581049,0.07211768666769373,-0.02442295264028856
2021,52757,0.8639372098222948,0.1399359089867115,-0.05362207577227619,0.020436573348056188,-0.09108530973501427,-0.017237618900406874,-0.15229516060958118,-0.18145758454443217,-0.029918862680930903,0.014640961473639375,0.11412864326866279,-0.03442576646840091,-0.08988274352843599,0.06922396172340275,-0.08597092074778892,-0.024664651753174612
2021,52758,0.8639372098222948,-0.11262455452714312,-0.05901373700637953,0.010475063667813717,0.052983719681738074,-0.03175791927909745,0.12422093680142661,0.3980776283146006,-0.03131568236142211,-0.07283101065929679,0.020463125293709125,-0.030835557243183726,0.06677953892808301,-0.125635216672784,-0.0741772114293523,0.27678211805808334
2021,52816,0.8639372098222948,0.04216109188662237,-0.0563122278152583,-0.10522936296558341,0.02560859553236264,-0.02872852457919056,0.028548203323901067,-0.18086044920753083,0.007261827594682781,0.004429236919736876,-0.010126078279874226,-0.024317105223615507,-0.11627327069697824,0.09032347335929003,0.01676925901368714,-0.02140370093054663
2021,52914,0.8639372098222948,-0.09129401080105251,-0.0037323020526030316,0.3089649220801356,0.06385480307740919,0.007090459432244152,-0.26293944130872327,-0.159126884871071,-0.013427381131439035,-0.06600328097380181,0.006747665023863598,-0.03255701128922797,0.0903931982682967,-0.022150383581666086,0.023331839772417273,-0.0470226251936965
2021,52919,0.8639372098222948,-0.0024993091923739717,0.22871458618596524,0.3052502300471148,0.04529484940054795,-0.03284924581031374,0.14159790812340375,0.3275492550719723,-0.06568369867628177,-0.00639207227759373,0.015849032830417744,-0.02768460454476809,0.0864246544225759,-0.12175937664597597,0.017236907905440073,0.011312859709299987
2021,52973,0.8639372098222948,0.024480579839663615,-0.04612977212719034,-0.12059895092375086,-0.026933911161251725,0.03395174235844631,-0.06181297779911593,-0.1836397576619679,0.011832573022703496,-0.0009991648613666803,-0.009033267266530805,-0.03965725125490152,-0.12159176686145014,0.12796311886709036,-0.08707318336381428,0.23855130064431374
2021,7889,0.8639372098222948,-0.08771209717137228,-0.044678579036389526,0.013211556782040194,-0.10669693887467231,-0.02698732444255956,0.03715056432399474,-0.17937843480335422,-0.030478456743316427,0.005649040905737317,-0.0048831826731545735,-0.034999043736730975,-0.12538328872088986,0.05202141919290324,-0.09654193634578286,-0.032753943386580095
2022,50030,0.8667901755091999,-0.0045234948196446354,-0.05272876580064902,-0.17285838435823692,-0.07880284573964688,-0.04482507660599611,0.012757276139209035,-0.19260698720309286,0.030491152465093953,0.039151074173080155,-0.05176647248401717,-0.007935858171342942,-0.11441614741527148,0.038945332882350886,-0.07053865542708952,-0.011748830183494135
2022,50037,0.8667901755091999,0.1180778867187808,0.49955284721000787,0.6075350442416643,0.03816777368534307,-0.025562292008454248,-0.017200906226539903,0.3260462366124592,0.07003584050556677,0.1755308203141248,0.03640879779782891,0.030319938125065626,0.1036179210350167,-0.0971558082272353,-0.07185315183611284,-0.06304468363756253
2022,50051,0.8667901755091999,0.14781876883382072,0.02575749113219633,0.14554802795820584,0.0447907874602223,-0.014672529180574372,0.10172617841597402,0.3702577088016118,0.029267626722311087,-0.04604228280989348,-0.023760197780994342,0.055093898746306214,0.0530648164033019,-0.08181390346154475,0.06990756428389651,0.3000712278549808
2022,50124,0.8667901755091999,0.07632201111402753,-0.07033928608883148,-0.25181527997300596,-0.06997698630567523,0.01794234186107029,0.09240535920941768,-0.1721711995210958,0.028355239159869153,-0.01374902053507785,0.011685639396317445,-0.01623792730030739,-0.10309267319613603,0.0457864053065748,0.011355988741673147,-0.04027033761327689
2022,50138,0.8667901755091999,-0.009069670957713586,-0.03306864510332448,-0.08794032093048962,-0.003815478975178865,-0.007309560947893777,0.03795365348466122,-0.17003081126369546,0.022700655231439815,-0.045619109398678644,-0.07892791470646213,0.027735754362019076,-0.05522272274981431,-0.03925337461423874,0.05328085715081038,-0.029609303919549638
2022,50139,0.8667901755091999,0.09613950598309347,0.06641685018876249,-0.09501374139322105,0.011543046741732736,0.0048527662910298934,0.01400488842627898,-0.15623245261997357,0.023627571870924104,0.024163027862728396,-0.047148839443145484,0.001793113899377142,-0.07756721374499866,0.0861284225420484,0.025189555099420086,-0.10760086837182388
2022,50143,0.8667901755091999,-0.051922501511297674,0.47600384140841046,0.5990347982420253,0.16949353040155812,-0.0217861649735415,-0.052003046973814006,0.26928847174874193,0.015737870452961784,-0.05995142254911345,0.07014327959469137,-0.013431923991212374,0.09999344348061899,-0.11804387242532716,-0.039820337300621025,-0.04008633709127959
2022,50147,0.8667901755091999,-0.013348593951132002,-0.07679131759680079,-0.23042589786199247,-0.06632067078788297,-0.042009201414264515,0.08939607830156794,-0.16930911855286315,-0.07253371241301904,-0.011418021739762271,0.0056991989584104,-0.009267723154346244,-0.10253455553065607,0.042234788248930025,-0.058383194340277215,-0.016383980796317244
2022,50149,0.8667901755091999,-0.00553947860166507,-0.057846631809777685,-0.13874385839761977,-0.0717375727351305,-0.030493827874205688,-0.06007818593539465,-0.15485807243723373,0.02977732907748828,-0.01188406801616438,-0.04935679846332924,0.001496721030347375,-0.1046773788336795,0.08289730798343621,0.022226015618485723,-0.07147154839710278
2022,52682,0.8667901755091999,0.031550942535624446,-0.023612247887789404,-0.12926658520038542,-0.08655843168396007,0.04525314495233109,-0.04196747525886402,-0.1611039986690603,-0.08910580058538171,-0.007862407065769805,-0.040815087978334795,-0.015098731107444306,-0.05997744780039786,0.0779613698330267,-0.08704382418481275,0.15572937522265537
2022,52747,0.8667901755091999,0.04294949259318433,-0.025038825921411354,-0.12024596427842082,-0.07637166910468333,-0.03166615687267243,-0.13795345878562512,-0.13739198262500016,-0.06801123916041552,-0.015888066073392406,0.011499682694012062,0.0421885196913689,0.08200081690236173,-0.08455224752502993,0.12659544533131817,0.11240412187694283
2022,52914,0.8667901755091999,-0.07577579036005007,-0.0670207595475949,0.18829938831282828,-0.022626247016782435,-0.055479000947154945,0.0660284643812694,0.46405753341262934,0.04497801000437414,0.17110503606206853,0.1268276240954175,0.050290991641017274,0.05819078153651033,-0.06073486118466624,0.0410896715858852,-0.04261657698354882
2022,52919,0.8667901755091999,0.12812101606665885,-0.060038483132399165,0.026183702467715987,-0.002078123805833397,-0.02832308647104489,-0.06707908603657632,0.4714699155348072,0.06692257670202492,0.006466297083514226,0.05569824852856205,0.05242240769149172,0.1614316541010459,0.1654321941899774,-0.07657847015296532,0.01812016965562326
2022,70691,0.8667901755091999,-0.04951256431270962,-0.03858390623823207,-0.10754560775476457,0.04953163212939787,0.009183723146911222,0.02981400350478399,-0.16751530783058113,-0.08970038668625133,-0.01097181913993845,-0.05178105515144095,-0.030252848553307947,-0.10262581270630944,0.07779525629128997,0.07540926372474197,0.01567536933629451
2022,75797,0.8667901755091999,0.10758752967470409,-0.025507166940648984,-0.09996689505561113,-0.06397724169320144,-0.013422608309884312,0.0908162964429121,-0.16521496686015108,0.01702314634270916,-0.05110220565104944,-0.04730458745545331,-0.014906062317304094,-0.10423947047810606,0.046924360814647445,0.02522594655212712,-0.01424775392159437
2022,7889,0.8667901755091999,-0.07205989816432287,0.43150690480932546,0.11847934707051336,0.018992389191595637,0.04035267096245271,-0.02021991783207947,0.4355236006644783,0.08277042426176043,-0.05488830723250209,0.06417052032822075,-0.004730798242295205,0.16580120507628587,0.14006617370842686,0.04485918411253561,-0.027552442967861718
2023,1652,0.8674510496776412,-0.04586740718542615,-0.04290040364078748,-0.13482371546801142,-0.046950264804412715,-0.0568192822507806,0.016764717796447757,-0.19872059222845295,0.014382159824147272,-0.00012874580806176384,-0.046950238939701114,-0.005771700565121382,-0.08706241061663104,0.06704516891203008,-0.10692175405584843,-0.052248156784669826
2023,2603790,0.8674510496776412,-0.06298915662117113,-0.06812630191908264,-0.1672664691393373,-0.1441989013718002,-0.06451431239708573,0.010262802493815625,-0.1575109714762907,0.022925065970221075,-0.010843719878853386,-0.009615672518092448,-0.03548330581692087,0.1739411601858793,0.10923104009191453,-0.10304824070717775,0.1367977684543232
2023,50037,0.8674510496776412,0.16161292497723304,0.3465757567344849,0.6163017753861785,0.06986019585233762,0.013352388517212342,0.045645478384245895,-0.10163544294686835,0.023792739592811092,-0.09940086695829116,0.04108902861933283,-0.03792519758256352,0.08880751817753459,-0.13630266960542062,-0.08722320587348677,-0.1085010457343881
2023,50043,0.8674510496776412,0.01367930539260503,-0.06143919282049027,-0.14591575267885717,-0.1075748348874249,-0.07110589740210195,0.05613346285061798,-0.19296048386436432,-0.024793069062146587,-0.0939628257852899,-0.047162706424335246,0.0080278140023334,-0.094072022137199,0.07362692817257406,-0.07922829991187054,-0.004406045963939476
2023,50051,0.8674510496776412,0.1857475153742898,-0.06804643556179951,0.0894344877259533,0.10671743971366902,0.054530571634624235,0.09771273863364692,0.43636479197274486,0.026754820275920063,-0.023534372125945148,0.04873591098827106,0.1366933770297368,0.15188782839528164,-0.1086693942905971,0.05116473397261739,0.378026724480513
2023,50058,0.8674510496776412,0.025951063369811032,-0.06029818833172628,-0.13509053050816627,-0.12306745956067924,-0.03629084717231747,0.019971244617308054,-0.19876232285075904,0.03935428650367225,-0.003453314217020358,-0.05063887479317165,0.005181278897365609,-0.09927703773644905,0.08072625142887867,0.030277898089042188,-0.039643333710503
2023,50064,0.8674510496776412,-0.03671290753831614,-0.06473836766827076,-0.13678577198340147,0.0729677325832786,-0.0030504357439284278,0.05839947983647809,-0.18520156968482576,0.020885728397732856,-0.007029269338202254,-0.04881308030825417,0.0034450754089756647,-0.10230158294132238,0.07899541264182257,-0.089015416021427,-0.055886011067372676
2023,50072,0.8674510496776412,-0.03777184634038962,-0.05513437184605377,-0.16451607630239315,-0.1162661787011316,0.10324736285715201,0.14087176256916276,-0.20274893366590843,0.01370693062041855,-0.0019832066560683662,-0.03353252039273421,0.009141164558457359,-0.094072022137199,0.07578861268341862,-0.06154383187902569,-0.032168091710454184
2023,50136,0.8674510496776412,-0.031009065868584994,0.198123811637153,0.626057891365456,-0.02334066600086799,-0.046810406726358,0.03758240043448363,-0.09273497150986026,0.022835089118655953,-0.03407792340012053,-0.05136545720675084,-0.0018722496277638284,-0.051150258719062924,-0.07364427128502057,0.031814685801791254,-0.11322519810495826
2023,50138,0.8674510496776412,-0.038755091761480336,-0.05723749439254477,-0.12925070687405824,-0.11624288169891135,0.04987346255831165,0.08837158040699507,-0.20171542726486855,-0.030994650285625657,-0.102550655869764,-0.04799014814877291,-0.0028435638386654035,-0.09775166431530842,0.07350162601217741,0.051644100672287314,-0.04471988863620789
2023,50147,0.8674510496776412,-0.025800658885129366,0.036970881330833136,0.08639341156317196,0.0904731474902382,-0.037176358068250745,-0.22240629900878234,-0.1902909088258132,-0.009354307911519278,-0.02381563878732842,-0.047450441918421356,0.0020876360333279193,-0.10714210709696116,0.0789433656603399,-0.10260220508475436,-0.067821986439887
2023,52747,0.8674510496776412,-0.041667711992082954,0.03407414094979036,0.09850098751758511,0.1029555820837933,-0.004788907676761954,-0.21156349064582297,-0.16376896895611767,0.03754093636977707,-0.018964333899377975,0.027523812936030956,0.011663032642309376,0.09396013426861821,-0.28936229923159407,0.1278334263050434,0.18127076787946383
2023,52758,0.8674510496776412,-0.05106580614647251,-0.07825466592750727,-0.14354807000301048,-0.13093265579108415,0.00939894101067558,0.07419335564960852,-0.19794112142396605,0.03151092926278692,-0.008151979399335537,-0.05086068418973028,-0.005771700565121382,-0.11127767601164584,0.07427122291202556,-0.08788682556231919,0.14872227606059596
2023,52914,0.8674510496776412,0.1081532434446355,-0.09571740855587571,-0.12145294968854312,0.06898101890730256,-0.013320462190465425,0.047384132515358675,0.5575419904724465,-0.11040035450567799,0.1478891718169712,0.06127536167030331,-0.02235341225539038,0.09703409191336353,-0.1767193278858654,0.015169302289718434,-0.08715392100770264
2023,52919,0.8674510496776412,0.170869843201474,0.027808112064146632,0.23024967866965573,0.05663764338026462,-0.08792344517506002,0.09196449774200675,0.13410708442980196,-0.09146586926832778,0.09529177632906119,0.03783314185401684,0.07571273114859757,0.0924293632927166,-0.15277143638243285,0.0361699545712948,0.30571874553633815
2023,7889,0.8674510496776412,0.12800103827231868,0.18908835049437658,0.18840920613603337,0.0454095058762157,0.018587665707272095,0.05266314964558371,0.554534449866459,0.05396540072429808,0.3434299466098893,0.045701314251214875,-0.008672914355639667,-0.05458824843857778,0.18623669429648787,0.034887906778600125,-0.11006817589891843
2024,2603790,0.8723790874371692,-0.075880593117706,-0.035240830991641076,-0.16271979678053164,0.07149219802241384,-0.010976962109875367,0.011161128071891393,-0.16748075667245685,-0.01910612679160424,-0.01503415777399166,-0.022823663292324693,-0.015631109132479604,-0.12523576220699256,0.09783828155903201,-0.10821304023428882,-0.06618566638216486
2024,50037,0.8723790874371692,-0.05704197221986348,0.27578892855913445,0.11360571707205193,0.09694604944267524,0.0011021494127876428,0.034887764492486865,0.29709607561710355,-0.013579491057504412,-0.010567323941527396,0.02260427834745894,-0.03271882821885756,0.19984958276415252,0.17700237148241774,0.0399218691091476,0.04737342471342873
2024,50051,0.8723790874371692,0.047654660359686456,0.2838504530198288,0.128286835548758,-0.0584841266653091,-0.023035901973895608,0.10567786904220046,0.3368858185171914,-0.02213480816282196,-0.06157276540629712,0.04599271111924213,0.09647209048638819,0.11461696520365264,-0.6327513421548128,0.0387177800970565,0.12654294279078
2024,50062,0.8723790874371692,0.015246608461383595,-0.06151102280330752,-0.23204119690818065,0.004265818881921341,-0.031526900817555985,0.017404767897519074,-0.1587584564026034,-0.007030357020070774,-0.012951381703189517,-0.0239739074793605,-0.023705339331865517,-0.14743040459167434,0.07590629501487324,0.01938647147955485,-0.05091285064115175
2024,50064,0.8723790874371692,-0.06849673475632041,-0.026892599674687708,0.164683558017363,0.060593917360177475,0.09777748894578144,-0.2318492472448194,-0.15067563109923768,-0.0040698234941368,-0.04001521510950212,-0.022252905443177796,-0.014230765427663094,-0.11753075168348535,0.10702754884167805,-0.1252842071880197,-0.08569863308063788
2024,50080,0.8723790874371692,-0.07094928543286405,-0.044210468143533466,0.1066753152119752,0.0586311640866458,-0.013121111009214972,0.04061167327448595,0.3155666116825339,-0.017534611857194494,-0.047650339828689166,0.04042079785633637,-0.02204366984146084,0.0920106480456511,-0.17923240279099592,-0.117370112161253,-0.06957137657194354
2024,50123,0.8723790874371692,0.1559523323185225,-0.07621515823072106,-0.16730159548873832,-0.043304962083247724,-0.03401782235707312,0.015763835763211866,-0.1826391130515749,-0.007457521404822565,0.059963113076708804,0.0718414650917674,-0.022651464960507874,-0.11927841299738584,0.10830445969996025,0.04455747779061778,-0.053205402347632484
2024,50124,0.8723790874371692,-0.07312079120780472,0.039668027521529,0.6684535556289877,0.07927956441301681,-0.040008897259904426,-0.22898723144139846,-0.07305217018310868,-0.00891193049766862,-0.06610516866616468,0.005659225312220545,-0.024689703333020018,0.09482122979715858,-0.19244142535877806,0.11584397601266085,0.010496110424154872
2024,50136,0.8723790874371692,-0.06892160190115858,-0.027351391090936483,-0.212241982091754,-0.05542282837925578,0.08887023844123097,-0.014018704978920467,-0.20050683646095524,-0.03140005529894883,-0.019481073822889463,0.0239576225230833,-0.005830705036584592,0.1266462495089158,-0.17831913620191095,0.021600737482564716,-0.055518348396426276
2024,50138,0.8723790874371692,-0.06818552306451899,-0.034219240537186904,-0.1654017311084133,0.07083967819408679,-0.04652214983596873,0.01965434046701632,-0.15848052596021472,-0.01791397983975461,-0.012728201145973601,-0.021746981817822964,-0.015631109132479604,-0.11265798991379444,0.09638489981042063,-0.09023519931724848,-0.07146121846441038
2024,52280,0.8723790874371692,-0.07266878212678052,-0.06324956737796264,0.8585053986296712,0.05546944375889931,-0.04112745799850881,-0.1944806182841435,-0.0822995219585891,0.00195703199814169,0.21034707769406982,0.021306587627992393,-0.02144112241799678,0.11773924633747149,-0.1863488801591435,-0.12728192939186259,-0.0743413563836417
2024,52709,0.8723790874371692,0.013528809479570273,-0.06120715609789399,-0.22176796065967394,-0.06834268949385969,-0.05313364936252305,0.08139221810231347,-0.1815873855368062,-0.007030357020070774,-0.014647768861411786,0.0037923679348339746,-0.016684983503837247,-0.12439679783039369,0.09832166391301181,-0.09939194449417434,-0.010805032154027701
2024,52747,0.8723790874371692,0.08251632432990279,-0.02528398827372307,-0.16441438422836674,0.07722624708807915,-0.047336532267695894,-0.0019665883118387645,0.4411446456433156,-0.017095171862634994,-0.027303813523706595,-0.04000676883940147,0.13903357819548412,0.10104052201596776,-0.17733918416412559,0.01453451740667159,-0.11282507125971515
2024,52758,0.8723790874371692,-0.07478238656216822,-0.04172860868361258,-0.16034153325571657,0.07773587208629486,-0.02690334783190656,0.01965434046701632,-0.16424418108959069,0.005740608002306114,-0.014892569258137669,-0.0012319070870102043,-0.022651464960507874,-0.1327529269974772,0.11125775775412765,0.02904428457053994,-0.05866201671962557
2024,52919,0.8723790874371692,-0.05247471237972258,0.3754094675036411,0.5344608907751304,-0.05121252784676292,0.0186867259469998,0.0042161640661238994,0.1311494548930729,0.03581677234807503,0.3429685697775798,0.021995256341506918,0.09435217028111414,0.28328951236100935,-0.4200072136011034,0.09507837606413529,0.40269813177970376
2024,52973,0.8723790874371692,0.024965093220490918,-0.023003447512538577,-0.24064310719122903,-0.03907244005765703,-0.031783755869104875,0.01060057264755652,-0.1688267082473151,-0.004315458609209188,-0.014064420950364835,-0.02741211067754177,-0.017521312303345037,-0.0953495706658768,0.06883779506540057,0.13865547301264108,-0.04276995505824473
2025,2601306,0.900144126721847,0.1314854653156787,-0.044858771928909066,-0.20012237478699194,0.06562261886869437,-0.12501612111011565,0.034219062818082534,-0.18781470497454372,0.032413067141580355,-0.004533741234503345,-0.05058696892012759,-0.034421743930047904,-0.12659955415110014,0.04716478694592439,-0.05973936616218999,-0.008373808622952289
2025,50023,0.900144126721847,0.12531890595163708,-0.04643863270150245,-0.2076898729696865,-0.09195317263103615,-0.04764030259862696,0.09142091298370382,-0.18605195738236158,0.039546753877093374,-0.006094684691969602,-0.03212576019672921,-0.027036425085265,-0.11735196023882234,0.13657714443580574,0.10676369505027566,-0.011630892380380899
2025,50037,0.900144126721847,-0.025719483011429213,-0.04582679229719078,-0.12122964108693456,-0.02072486773674684,0.0064208338307746434,-0.009400821855683339,0.3119924567808805,-0.17587099098459233,0.19313520191094616,0.06707977442626806,-0.057550666119756726,0.13701279470873243,-0.15085953436229077,-0.11159892191896247,-0.0691286814686244
2025,50043,0.900144126721847,-0.04414743409355189,-0.03837251764534206,-0.21809105877756,-0.10114268225491216,0.04462213767057678,0.03269082841303695,-0.1806168591043035,0.021036491200655892,-2.435671419431997e-05,0.07201459805023963,-0.04839485900383716,-0.11868140405615267,0.09130952705484971,-0.0568125213883304,-0.05921784909370097
2025,50050,0.900144126721847,0.02880663857772248,-0.03960026528902026,-0.2021747706700268,-0.08348932105034215,-0.012200411682651595,0.10998742570404886,-0.19003321019017222,-0.015268932597350229,-0.024653152463715206,-0.02108020120032473,-0.045722462026188966,-0.044930280439514136,-0.10486686173158219,-0.04514416426394956,-0.08243505203553708
2025,50051,0.900144126721847,0.06620017013819832,-0.04635390739108797,-0.11897351418269873,0.02634025959733731,-0.013546449230251776,-0.012358834081822456,-0.20635180961254831,-0.007808636565206284,-0.12633016007015943,-0.02973291463749214,-0.04031477121827844,0.17109115344664277,0.14117667222667826,0.10777168648389744,-0.06515541449858053
2025,50058,0.900144126721847,0.023300495639019817,-0.046649211187671916,-0.1275954740320929,0.0716674558030366,-0.04111789687899934,0.03974782361788194,-0.18552337908822153,-0.021485587643651993,-0.14366147777121552,0.042541372805731184,-0.04199608759237069,-0.062230598302887664,0.048612632432000084,0.05417195898443849,-0.02162088022838268
2025,50062,0.900144126721847,0.027259948385413377,-0.038333544036593135,-0.13141223129041008,0.17908811181096682,-0.011197478324573924,0.0496409271982241,-0.19102198797521439,-0.008758078787864818,-0.01580579900476979,0.00385680930777533,-0.04512662472008501,-0.07853245243868173,0.11142582507967452,-0.06074350170858987,-0.05560733765244641
2025,50080,0.900144126721847,-0.06998585388146443,-0.029371453551562506,0.7170326456628376,0.02091336181107596,0.10614385111324286,-0.3416954687817327,-0.14832203842239722,0.005552536473002652,0.005992737262835687,-0.0076432910975011235,-0.05982338019295788,0.1347305031914586,0.09857831198456642,-0.006531513552340646,-0.09276716193727573
2025,50109,0.900144126721847,-0.06620292885129,-0.04296811209359371,-0.10013185469808875,0.1768344682229524,-0.06050929851383174,0.04099259435262566,0.5824141283073367,0.0179718282283751,-0.010439954158252655,-0.004889828130578404,0.27474699805247077,0.05217691048756686,-0.11698107501099443,-0.07806637595210038,-0.02569560098808014
2025,50124,0.900144126721847,-0.07731464797208712,-0.0027846053238046436,-0.1093227036041621,-0.10275876402413477,0.06417304059953212,-0.23338728742303344,-0.20462748923355137,0.013411988533603647,-0.015914990584268165,-0.03838869897816532,-0.048278304592340136,-0.08367680459148746,0.09331156147128047,-0.09374972091196707,-0.05281974846216089
2025,50138,0.900144126721847,-0.04119455998109998,-0.016172147001098786,0.03042817872152426,0.08205869782774042,-0.1272382392675852,0.029892116967726923,-0.15577453741613226,0.01249725414762238,0.04806707911935833,-0.03045356196503041,-0.05933580938364193,0.0714672458321276,0.14315717037037895,0.02650394311352327,-0.07584952435023104
2025,50139,0.900144126721847,-0.061049269009676756,-0.037143339096243004,-0.14613858598685098,-0.08628280897391012,-0.11879556391990685,0.040443712976062196,-0.17851350252150627,0.018749127600572107,-0.004504584863895724,-0.014787378592358694,-0.06443898866302222,-0.07461224531261705,0.10913380931636098,-0.058727508707245586,-0.08149146201935441
2025,50147,0.900144126721847,-0.07714599942395738,-0.03693201873628263,-0.10031237283226506,-0.09836351838875346,0.11150183407278724,-0.066826317653205,-0.19908358843913215,-0.01164691604756623,-0.016543443818813702,0.08703502700580992,-0.029947403795363252,-0.11812453948942701,0.058186251571104665,-0.081375317767201,-0.07229930654248141
2025,50149,0.900144126721847,-0.0056526553524625075,-0.041116760758499925,-0.2095662162061765,-0.10771431331276159,-0.012101422796928715,0.09816012898139194,-0.19042695870024362,0.029685435899465363,-0.015277711372850509,-0.03817055206976656,-0.052347861198642126,-0.11281741332422379,0.087418521873821,0.07877989899534815,-0.009013708839288176
2025,52280,0.900144126721847,-0.057445196832511015,0.00830186499317586,0.23350197327940123,0.0908949977601392,0.03422994699513316,-0.05185364992664917,-0.16619661349791576,0.04008939652960529,0.1688996298314436,-6.78532387931525e-05,-0.0400939838113897,-0.07362232648010879,-0.07516675834447792,-0.001781900734634434,-0.027284153980880445
2025,52683,0.900144126721847,0.1502024224786046,-0.04081637846854175,-0.12735018220670855,0.08360825038304813,0.046584888341946726,0.10500030516440835,-0.17235240463039894,0.024688217201492127,-0.013860037858383968,-0.0005037854177840318,-0.0420829153797939,-0.10144605760461822,0.08679257771537832,0.14033740562838054,-0.056424313845152556
2025,52747,0.900144126721847,0.05357677811409611,-0.013993917738181302,-0.11910291952987237,0.1437160794091096,-0.09593828006779424,0.00027457111875076187,0.40913546591527217,-0.17337219376747912,-0.012321012943721057,-0.003397936731074972,-0.07461999624796403,0.053112868704981976,-0.19249944058509758,-0.034248384684924145,-0.08071158055267516
2025,52749,0.900144126721847,0.0019898945504953055,-0.035523952116572124,-0.20842645438372287,-0.07358727576445774,0.06402495866681261,-0.15087512155002455,-0.17611413041116086,-0.007828904061151627,-0.12981198084100556,-0.03307595392492301,-0.02668544711644803,-0.11534193450335835,0.13140450835367634,0.00596370428073267,-0.08532995153630409
2025,52758,0.900144126721847,-0.06121891639608702,-0.03406662221829979,0.026166541237273227,0.08201587564435976,0.05837051348440563,-0.2590155653745328,-0.2169383766791717,0.01421540813903486,-0.011868762887258586,0.029240730458468367,-0.04297713360941155,0.09917849116317753,0.1511449159421831,-0.028999360463222802,-0.026312734770130342
2025,52816,0.900144126721847,-0.06380142165439841,-0.04718446456655165,0.22365896154667736,0.17677309207773267,-0.010695455865161699,0.13603716391833295,0.5479508308778387,-0.010214807305831491,0.13827421514426794,-0.030210539208379864,-0.06408038786431802,-0.11389983017387434,0.11755117293715286,0.02349226533531694,-0.0522873209930717
2025,52919,0.900144126721847,0.05517785213315243,-0.0018341974407411,-0.10849488083164875,0.05407392677909367,0.15161453839975822,0.2024320422582719,0.4033476836110354,0.017072946798590036,0.01915926850036501,0.06310910768382771,0.1801314127859683,0.07021987684304112,-0.3543492709848749,0.09265093805884247,0.40952811360960634
2025,75797,0.900144126721847,0.015918612202222522,-0.03680437368450908,-0.10720854382681914,-0.08011670532848694,-0.0109260929883079,-0.203500780410538,-0.17840203347066613,0.014098375787073389,-0.011570313282884414,-0.04533614528433859,-0.043095744254084835,-0.11351610216591848,0.1062737549270206,-0.08862125162597126,-0.03774032970036356
2025,7889,0.900144126721847,0.0385840995439725,0.4458617667179463,0.24036848231061703,0.18237076384065487,0.004641309462894652,0.08125011222708182,-0.17578454758231796,0.02173760756463927,-0.011101175976655159,0.028273729538066495,-0.0513820944924593,0.03741114322885322,-0.1272219893107668,0.0854565001973529,-0.07031538758661872
2026,1652,0.9001350866242267,-0.03177604167446347,-0.02847049423288418,0.2073758087409967,-0.020341623907165443,0.002261218389138653,-0.0006109595227377335,-0.17506891179603007,-0.011330285065159523,-0.004792839170149062,0.041546135534907054,-0.02271601085543657,-0.13832277937989182,0.10927058255106134,0.09087543900018773,-0.041210641244604655
2026,2610,0.9001350866242267,-0.02367586529066863,-0.03457298772553708,-0.2157136735227801,-0.017786926183161054,-0.046195062827326404,0.07591426314368672,-0.18145410976504922,-0.008118350864751829,0.004082412257588032,0.15052805505881264,-0.021230763483829,-0.1132762538167737,0.05019250338662341,0.006957600499990712,-0.026580018983715502
2026,50023,0.9001350866242267,-0.02370379484895337,-0.049686644064449045,-0.21973454191292474,0.05051790289878301,-0.046195062827326404,0.06940826323396802,-0.18162439452355422,-0.046069804097799094,0.0013022506615070028,0.15836696044946277,-0.02124854744561009,-0.12197555854803355,0.10987821910793563,-0.003755110874428793,-0.039905394770803425
2026,50037,0.9001350866242267,0.14740306645193185,0.23217451795197824,0.41475671259075025,0.029122916250012485,-0.05181369483775259,0.0890316689323555,0.38634588606191383,-0.03841790740569291,-0.015637466785734837,0.0037427809363597404,0.13873365362087897,0.0810857990273054,-0.13619454478687876,-0.18204050344348915,-0.06985582121112617
2026,50043,0.9001350866242267,-0.04636908238274084,-0.06072068327875855,-0.20061148357646957,0.03838010480862827,-0.040654228509309956,0.064470804243582,-0.21375339812440416,-0.06435114240528932,-0.04869104000918963,-0.03309347945233416,-0.024792319880881517,-0.13711259242442897,0.12403873673934931,-0.1361383080866212,-0.08761706576050356
2026,50051,0.9001350866242267,0.1861797906094953,-0.06028354117904526,0.09995277382283255,0.04037833592820462,-0.06749238272590058,0.0928831664579232,0.5146969069743803,-0.07283688257282205,-0.034265248716212296,0.0038307466832165093,-0.03916434647161311,0.25108915832844825,0.19062790892556647,0.15769663930596403,-0.09570616364440357
2026,50067,0.9001350866242267,0.07053657304386637,-0.05202410088682418,-0.2215399669680078,-0.02344433383301578,-0.018069002851744752,0.06962838622191816,-0.1980887414518948,-0.004325785007675683,0.0044247664312760905,-0.04266085107811319,-0.025996545895046803,-0.13733244962804123,0.05733233481064586,0.19618166723954658,-0.018677908765619772
2026,50080,0.9001350866242267,-0.07269407960935131,-0.05770358484385248,0.08245792246901897,0.05385026140536518,-0.044804663221389686,0.011030020596930814,0.6019153783913068,0.01356633364498448,0.0020548274398305053,0.015859452992327657,-0.015496744660671765,0.13318573458996613,-0.2902011619352677,0.0764810959208896,-0.0858459364813818
2026,50109,0.9001350866242267,-0.08389944980131289,-0.057807702865602696,-0.21240653470586446,-0.05888304872149254,-0.05417942440313368,0.07053069382284728,-0.2023400029833718,0.013128258936598039,-0.005304704908176872,-0.03513358179185954,-0.01557736518795805,0.13390502599244458,-0.15275742115129004,-0.13882213898779755,0.048536020503032684
2026,50124,0.9001350866242267,-0.0829454110540423,-0.02068928596585435,-0.18719050182024696,-0.05441791180864992,-0.037393424809746965,0.08311411033813662,-0.22577054857122517,-0.015627377321722036,0.0045346972195074945,-0.04651195442496239,-0.01973193279922799,0.24279815397765944,0.14143591520121757,-0.14130537455879713,-0.04291102272427191
2026,50138,0.9001350866242267,-0.05206579830216132,-0.03340118612902069,0.1223028256868308,-0.024789777508453,-0.04210951048540544,0.09258044598269415,-0.20151009107290768,0.006887015308105965,-0.05951382486016224,-0.013006364792489847,-0.01973193279922799,0.15689747202885257,-0.10730497424510478,-0.04377984570045569,-0.05114550255305603
2026,50139,0.9001350866242267,-0.026390447268153778,-0.006617242487556596,-0.13728115490024553,0.04936033720162775,0.13160730936445128,0.12552358929205026,-0.20868729791933838,-0.007214545759558146,0.00032218981573732525,-0.03142608258998346,-0.02271601085543657,-0.13168750837159043,0.10532534942778642,-0.12452180924583009,-0.05392426439333035
2026,50147,0.9001350866242267,-0.06610495659716843,-0.05418538025041412,-0.22063423130322793,-0.0238603618248557,-0.04029538381358866,0.07456151011275515,-0.20012847787843024,-0.008118350864751829,0.004412577437045371,-0.03306815396441969,-0.024648282390028302,-0.12286929952334749,0.12770097506163502,0.06196823408632994,-0.10515763072820432
2026,50149,0.9001350866242267,-0.01414079198967443,-0.04000534620772335,-0.14669016721518263,-0.03576522922690908,0.04080838503163162,-0.15154540416242637,-0.19834558898395924,-0.05207018728911299,-0.0044667982360152465,-0.02929723992282899,-0.0230747773182537,-0.1349410400538795,0.08029833089714343,0.006881513668642345,-0.1021460245485649
2026,52280,0.9001350866242267,-0.06660271354167115,0.22670431462097754,0.7826417984709508,0.04362017782659987,-0.008518677611547048,0.01424416801112786,-0.1588384569700455,0.103389849973822,0.1788208715583048,-0.01108310832239381,-0.04253202391085485,-0.13029568506397207,0.08468415101286932,-0.12133516504986949,-0.12377820626640074
2026,52747,0.9001350866242267,-0.0787336832221917,-0.08071928655904277,0.2048319682629282,-0.09750207727766251,-0.02966095103865677,0.09303045275633008,0.4198329772041189,0.1001769790075537,0.0240960538508546,-0.048295002435863855,0.13464526484993075,0.15527964879584324,-0.18892326673430113,0.02685005945900909,0.1231130301188881
2026,52758,0.9001350866242267,-0.05444495011182457,-0.025737138826904652,-0.17420281213936076,-0.02933633295852784,-0.027673982791255217,-0.16433064017157975,-0.2073668644727606,-0.016931208932273577,-0.005332437042846504,0.04625831495133582,-0.020998468292808752,0.2078114591174461,0.19979571010908284,-0.03894310711294131,-0.018134030957439994
2026,52816,0.9001350866242267,-0.043976980962095714,-0.03252895685881467,-0.2416800888634667,-0.02730217434337603,-0.046195062827326404,0.0780384441865389,-0.20485259895991623,-0.006640428828332035,0.0061244804901654714,0.008818040600907963,-0.024648282390028302,-0.14215148081583054,0.1076763430513533,0.004224618451686732,-0.007034217178557691
2026,52914,0.9001350866242267,-0.06688396254525185,-0.05260296614301249,-0.12327321720909704,0.018890610314416828,-0.046259150467726315,0.026938352489105085,0.6902795588457203,0.058868144528059184,-0.036358767879187945,0.0019102993869545514,0.12394236702403141,0.1440912026144873,-0.18550037421074728,0.13694023451170365,-0.04067165995280447
2026,52919,0.9001350866242267,0.17118133174479552,-0.0593352929141207,-0.14235161800441273,-0.02710004870009295,0.1294156703995322,0.11126775100143926,0.573342951615909,0.09137168766777405,0.1325613609340763,0.057335422684401866,0.12404339435549909,0.08548574037020794,-0.3534181622925054,-0.015018888674492786,-0.1067493312776547
2026,59324,0.9001350866242267,0.11321059229316185,-0.05318349440435,0.21159911949242802,0.032771318780849996,0.08660331197664141,-0.051721097678456555,-0.18351756459910668,-0.045491298026144475,-0.0002015195938250998,-0.030193544896584594,-0.022205565889504834,-0.11562170727489383,0.08253417012317887,-0.027834937151733147,0.031915324245987094
2026,59333,0.9001350866242267,-0.007610250500073927,-0.06324621871264126,-0.21870962909889907,-0.05028030413053648,0.09851723895535985,-0.08109836238995834,-0.21076361090545134,-0.06092094920789518,-0.048059080450400346,-0.03163657369233129,-0.0271438861917946,-0.1287746323707636,0.08777492350972224,-0.15251269110382112,0.18605617282285852
2026,60609,0.9001350866242267,0.1231118068591801,-0.06244487522722007,-0.21203841717090335,-0.047364160247596966,0.13681673104184505,-0.16453142638340496,-0.1890528325710569,-0.055538078625915276,-0.051839445769423766,-0.03061660223741505,-0.020003512998004687,-0.11379140490571173,0.11787232399775745,0.0036874153665877817,0.2660230866183974
2026,7889,0.9001350866242267,0.044533427967555425,0.057604710157337514,0.16481816793637522,-0.012313516990874962,-0.021420565747361505,0.08343351846633572,0.4894411431490401,0.059524427067162905,0.03988245103462777,0.010631343791769228,-0.010548644273761218,0.13455605196940967,-0.09643417487773806,0.057039507826638934,-0.07187469008141913
